File,Total Reads,Aligned Reads,Unaligned Reads,Ambiguously Aligned Reads,No Genomic Sequence,Duplicate Reads (removed),Unique Reads (remaining),Total Cs,Methylated CpGs,Unmethylated CpGs,Methylated chgs,Unmethylated chgs,Methylated CHHs,Unmethylated CHHs
/home/cgumbi/methylation/sea_lion/bismark_output/locus002/alignment/37160-FOXD3_S769_L001_R1_trimmed_bismark_bt2_pe.bam,1060,393,667,0,0,,,12523,784,1789,74,3951,84,5841
/home/cgumbi/methylation/sea_lion/bismark_output/locus002/alignment/37160-HCN1_S1_L001_R1_trimmed_bismark_bt2_pe.bam,5592,5350,242,0,0,,,149723,727,20661,338,47756,976,79265
/home/cgumbi/methylation/sea_lion/bismark_output/locus002/alignment/37160-HOXB9_S193_L001_R1_trimmed_bismark_bt2_pe.bam,7922,7612,310,0,0,,,257258,23127,51238,421,37637,850,143985
/home/cgumbi/methylation/sea_lion/bismark_output/locus002/alignment/37160-HSPA2_S385_L001_R1_trimmed_bismark_bt2_pe.bam,285,165,120,0,0,,,5948,577,937,1,513,30,3890
/home/cgumbi/methylation/sea_lion/bismark_output/locus002/alignment/37160-IGF2BP3_S865_L001_R1_trimmed_bismark_bt2_pe.bam,2065,514,1551,0,0,,,17227,682,3237,16,1573,73,11646
/home/cgumbi/methylation/sea_lion/bismark_output/locus002/alignment/37160-LOC1139_S97_L001_R1_trimmed_bismark_bt2_pe.bam,6147,5618,529,0,0,,,185079,4304,51794,271,50127,545,78038
/home/cgumbi/methylation/sea_lion/bismark_output/locus002/alignment/37160-MDGA_S673_L001_R1_trimmed_bismark_bt2_pe.bam,6078,5901,177,0,0,,,253724,6563,58240,213,41072,1300,146336
/home/cgumbi/methylation/sea_lion/bismark_output/locus002/alignment/37160-OTP_S481_L001_R1_trimmed_bismark_bt2_pe.bam,8170,6091,2079,0,0,,,161608,3575,23711,210,30418,958,102736
/home/cgumbi/methylation/sea_lion/bismark_output/locus002/alignment/37160-PBX3_S289_L001_R1_trimmed_bismark_bt2_pe.bam,5517,5380,137,0,0,,,112887,9688,1090,472,42463,563,58611
/home/cgumbi/methylation/sea_lion/bismark_output/locus002/alignment/37160-POU4F1_S961_L001_R1_trimmed_bismark_bt2_pe.bam,8578,6751,1827,0,0,,,87912,220,13348,292,26751,224,47077
/home/cgumbi/methylation/sea_lion/bismark_output/locus002/alignment/37160-SLC_S577_L001_R1_trimmed_bismark_bt2_pe.bam,7193,6961,232,0,0,,,355523,15534,68935,672,89633,1799,178950
/home/cgumbi/methylation/sea_lion/bismark_output/locus002/alignment/37161-FOXD3_S770_L001_R1_trimmed_bismark_bt2_pe.bam,1004,238,766,0,0,,,7592,392,1268,27,2392,42,3471
/home/cgumbi/methylation/sea_lion/bismark_output/locus002/alignment/37161-HCN1_S2_L001_R1_trimmed_bismark_bt2_pe.bam,9473,8961,512,0,0,,,250778,1137,34685,646,79921,1262,133127
/home/cgumbi/methylation/sea_lion/bismark_output/locus002/alignment/37161-HOXB9_S194_L001_R1_trimmed_bismark_bt2_pe.bam,15646,15017,629,0,0,,,506982,30572,115520,574,74473,1592,284251
/home/cgumbi/methylation/sea_lion/bismark_output/locus002/alignment/37161-HSPA2_S386_L001_R1_trimmed_bismark_bt2_pe.bam,7531,2418,5113,0,0,,,87383,7328,14865,42,7271,865,57012
/home/cgumbi/methylation/sea_lion/bismark_output/locus002/alignment/37161-IGF2BP3_S866_L001_R1_trimmed_bismark_bt2_pe.bam,3087,413,2674,0,0,,,13885,507,2641,14,1300,95,9328
/home/cgumbi/methylation/sea_lion/bismark_output/locus002/alignment/37161-LOC1139_S98_L001_R1_trimmed_bismark_bt2_pe.bam,11019,10199,820,0,0,,,335902,7844,93923,651,90840,1123,141521
/home/cgumbi/methylation/sea_lion/bismark_output/locus002/alignment/37161-MDGA_S674_L001_R1_trimmed_bismark_bt2_pe.bam,7255,7027,228,0,0,,,302119,6032,71129,259,48911,1552,174236
/home/cgumbi/methylation/sea_lion/bismark_output/locus002/alignment/37161-OTP_S482_L001_R1_trimmed_bismark_bt2_pe.bam,10382,5217,5165,0,0,,,139953,2234,21675,189,26528,834,88493
/home/cgumbi/methylation/sea_lion/bismark_output/locus002/alignment/37161-PBX3_S290_L001_R1_trimmed_bismark_bt2_pe.bam,8990,8775,215,0,0,,,183996,14885,2647,736,69271,931,95526
/home/cgumbi/methylation/sea_lion/bismark_output/locus002/alignment/37161-POU4F1_S962_L001_R1_trimmed_bismark_bt2_pe.bam,15600,9715,5885,0,0,,,126329,304,19159,594,38262,414,67596
/home/cgumbi/methylation/sea_lion/bismark_output/locus002/alignment/37161-SLC_S578_L001_R1_trimmed_bismark_bt2_pe.bam,15126,14524,602,0,0,,,741639,29763,146181,1133,187364,2918,374280
/home/cgumbi/methylation/sea_lion/bismark_output/locus002/alignment/37162-FOXD3_S771_L001_R1_trimmed_bismark_bt2_pe.bam,229,75,154,0,0,,,2388,132,419,6,737,2,1092
/home/cgumbi/methylation/sea_lion/bismark_output/locus002/alignment/37162-HCN1_S3_L001_R1_trimmed_bismark_bt2_pe.bam,8105,7630,475,0,0,,,213539,791,29719,686,67918,1157,113268
/home/cgumbi/methylation/sea_lion/bismark_output/locus002/alignment/37162-HOXB9_S195_L001_R1_trimmed_bismark_bt2_pe.bam,13361,12840,521,0,0,,,433574,24966,100042,674,63462,1286,243144
/home/cgumbi/methylation/sea_lion/bismark_output/locus002/alignment/37162-HSPA2_S387_L001_R1_trimmed_bismark_bt2_pe.bam,7299,3269,4030,0,0,,,118260,13223,16934,55,9801,601,77646
/home/cgumbi/methylation/sea_lion/bismark_output/locus002/alignment/37162-IGF2BP3_S867_L001_R1_trimmed_bismark_bt2_pe.bam,2903,39,2864,0,0,,,1302,51,240,2,124,4,881
/home/cgumbi/methylation/sea_lion/bismark_output/locus002/alignment/37162-LOC1139_S99_L001_R1_trimmed_bismark_bt2_pe.bam,1972,198,1774,0,0,,,6446,139,1832,5,1751,12,2707
/home/cgumbi/methylation/sea_lion/bismark_output/locus002/alignment/37162-MDGA_S675_L001_R1_trimmed_bismark_bt2_pe.bam,6840,6649,191,0,0,,,285919,5710,67318,198,46316,1314,165063
/home/cgumbi/methylation/sea_lion/bismark_output/locus002/alignment/37162-OTP_S483_L001_R1_trimmed_bismark_bt2_pe.bam,208,170,38,0,0,,,5035,69,853,9,1021,30,3053
/home/cgumbi/methylation/sea_lion/bismark_output/locus002/alignment/37162-PBX3_S291_L001_R1_trimmed_bismark_bt2_pe.bam,7373,7174,199,0,0,,,150469,12436,1920,700,56521,596,78296
/home/cgumbi/methylation/sea_lion/bismark_output/locus002/alignment/37162-POU4F1_S963_L001_R1_trimmed_bismark_bt2_pe.bam,5151,441,4710,0,0,,,5786,37,867,15,1748,8,3111
/home/cgumbi/methylation/sea_lion/bismark_output/locus002/alignment/37162-SLC_S579_L001_R1_trimmed_bismark_bt2_pe.bam,6419,6178,241,0,0,,,315262,10777,63875,560,79620,1472,158958
/home/cgumbi/methylation/sea_lion/bismark_output/locus002/alignment/37163-FOXD3_S772_L001_R1_trimmed_bismark_bt2_pe.bam,831,422,409,0,0,,,13483,767,2040,59,4292,54,6271
/home/cgumbi/methylation/sea_lion/bismark_output/locus002/alignment/37163-HCN1_S4_L001_R1_trimmed_bismark_bt2_pe.bam,6948,6622,326,0,0,,,185267,815,25656,506,58981,888,98421
/home/cgumbi/methylation/sea_lion/bismark_output/locus002/alignment/37163-HOXB9_S196_L001_R1_trimmed_bismark_bt2_pe.bam,9894,9549,345,0,0,,,322427,24272,68712,384,47353,1198,180508
/home/cgumbi/methylation/sea_lion/bismark_output/locus002/alignment/37163-HSPA2_S388_L001_R1_trimmed_bismark_bt2_pe.bam,11306,9902,1404,0,0,,,358343,38473,52877,205,29519,2125,235144
/home/cgumbi/methylation/sea_lion/bismark_output/locus002/alignment/37163-IGF2BP3_S868_L001_R1_trimmed_bismark_bt2_pe.bam,2935,1320,1615,0,0,,,44177,1700,8324,44,3973,113,30023
/home/cgumbi/methylation/sea_lion/bismark_output/locus002/alignment/37163-LOC1139_S100_L001_R1_trimmed_bismark_bt2_pe.bam,1650,1515,135,0,0,,,49804,999,14088,72,13501,168,20976
/home/cgumbi/methylation/sea_lion/bismark_output/locus002/alignment/37163-MDGA_S676_L001_R1_trimmed_bismark_bt2_pe.bam,8703,8484,219,0,0,,,364816,8211,84975,222,59120,1716,210572
/home/cgumbi/methylation/sea_lion/bismark_output/locus002/alignment/37163-OTP_S484_L001_R1_trimmed_bismark_bt2_pe.bam,12688,11105,1583,0,0,,,294694,5503,44273,351,55512,1337,187718
/home/cgumbi/methylation/sea_lion/bismark_output/locus002/alignment/37163-PBX3_S292_L001_R1_trimmed_bismark_bt2_pe.bam,6302,6175,127,0,0,,,129578,11170,1194,481,48795,586,67352
/home/cgumbi/methylation/sea_lion/bismark_output/locus002/alignment/37163-POU4F1_S964_L001_R1_trimmed_bismark_bt2_pe.bam,12848,12332,516,0,0,,,160455,369,24373,586,48749,317,86061
/home/cgumbi/methylation/sea_lion/bismark_output/locus002/alignment/37163-SLC_S580_L001_R1_trimmed_bismark_bt2_pe.bam,9016,8794,222,0,0,,,448981,18463,88100,682,113399,1662,226675
/home/cgumbi/methylation/sea_lion/bismark_output/locus002/alignment/37164-FOXD3_S773_L001_R1_trimmed_bismark_bt2_pe.bam,387,171,216,0,0,,,5493,300,941,19,1696,29,2508
/home/cgumbi/methylation/sea_lion/bismark_output/locus002/alignment/37164-HCN1_S5_L001_R1_trimmed_bismark_bt2_pe.bam,8394,7920,474,0,0,,,221691,1224,30433,774,70424,1170,117666
/home/cgumbi/methylation/sea_lion/bismark_output/locus002/alignment/37164-HOXB9_S197_L001_R1_trimmed_bismark_bt2_pe.bam,14247,13726,521,0,0,,,463570,37621,96217,827,67760,1841,259304
/home/cgumbi/methylation/sea_lion/bismark_output/locus002/alignment/37164-HSPA2_S389_L001_R1_trimmed_bismark_bt2_pe.bam,17681,15788,1893,0,0,,,572487,73582,73178,358,47058,3047,375264
/home/cgumbi/methylation/sea_lion/bismark_output/locus002/alignment/37164-IGF2BP3_S869_L001_R1_trimmed_bismark_bt2_pe.bam,5001,2856,2145,0,0,,,95823,4048,17782,79,8559,272,65083
/home/cgumbi/methylation/sea_lion/bismark_output/locus002/alignment/37164-LOC1139_S101_L001_R1_trimmed_bismark_bt2_pe.bam,8984,8239,745,0,0,,,271270,5912,76264,599,73245,931,114319
/home/cgumbi/methylation/sea_lion/bismark_output/locus002/alignment/37164-MDGA_S677_L001_R1_trimmed_bismark_bt2_pe.bam,11065,10731,334,0,0,,,461401,10853,106995,326,74710,2274,266243
/home/cgumbi/methylation/sea_lion/bismark_output/locus002/alignment/37164-OTP_S485_L001_R1_trimmed_bismark_bt2_pe.bam,23156,20497,2659,0,0,,,543051,12201,79520,686,102098,2914,345632
/home/cgumbi/methylation/sea_lion/bismark_output/locus002/alignment/37164-PBX3_S293_L001_R1_trimmed_bismark_bt2_pe.bam,7684,7500,184,0,0,,,157397,13742,1292,867,58975,815,81706
/home/cgumbi/methylation/sea_lion/bismark_output/locus002/alignment/37164-POU4F1_S965_L001_R1_trimmed_bismark_bt2_pe.bam,18907,18334,573,0,0,,,238261,745,35943,549,72795,484,127745
/home/cgumbi/methylation/sea_lion/bismark_output/locus002/alignment/37164-SLC_S581_L001_R1_trimmed_bismark_bt2_pe.bam,8823,8522,301,0,0,,,435086,19065,84304,759,109740,2117,219101
/home/cgumbi/methylation/sea_lion/bismark_output/locus002/alignment/37165-FOXD3_S774_L001_R1_trimmed_bismark_bt2_pe.bam,281,83,198,0,0,,,2664,115,488,16,829,18,1198
/home/cgumbi/methylation/sea_lion/bismark_output/locus002/alignment/37165-HCN1_S6_L001_R1_trimmed_bismark_bt2_pe.bam,8648,8230,418,0,0,,,230306,1240,31633,735,73242,1337,122119
/home/cgumbi/methylation/sea_lion/bismark_output/locus002/alignment/37165-HOXB9_S198_L001_R1_trimmed_bismark_bt2_pe.bam,14757,14177,580,0,0,,,478360,31455,106286,654,70175,1813,267977
/home/cgumbi/methylation/sea_lion/bismark_output/locus002/alignment/37165-HSPA2_S390_L001_R1_trimmed_bismark_bt2_pe.bam,20723,17625,3098,0,0,,,636981,65971,95928,461,52513,4074,418034
/home/cgumbi/methylation/sea_lion/bismark_output/locus002/alignment/37165-IGF2BP3_S870_L001_R1_trimmed_bismark_bt2_pe.bam,4585,2542,2043,0,0,,,85131,3203,16084,27,7633,191,57993
/home/cgumbi/methylation/sea_lion/bismark_output/locus002/alignment/37165-LOC1139_S102_L001_R1_trimmed_bismark_bt2_pe.bam,11739,10768,971,0,0,,,354243,7949,99400,723,95709,1296,149166
/home/cgumbi/methylation/sea_lion/bismark_output/locus002/alignment/37165-MDGA_S678_L001_R1_trimmed_bismark_bt2_pe.bam,10557,10246,311,0,0,,,440509,8605,103908,353,71297,2382,253964
/home/cgumbi/methylation/sea_lion/bismark_output/locus002/alignment/37165-OTP_S486_L001_R1_trimmed_bismark_bt2_pe.bam,20684,18110,2574,0,0,,,479821,7439,73671,824,89987,2621,305279
/home/cgumbi/methylation/sea_lion/bismark_output/locus002/alignment/37165-PBX3_S294_L001_R1_trimmed_bismark_bt2_pe.bam,7549,7350,199,0,0,,,154151,13436,1266,709,57940,879,79921
/home/cgumbi/methylation/sea_lion/bismark_output/locus002/alignment/37165-POU4F1_S966_L001_R1_trimmed_bismark_bt2_pe.bam,26029,25247,782,0,0,,,327987,917,49565,1141,99789,1270,175305
/home/cgumbi/methylation/sea_lion/bismark_output/locus002/alignment/37165-SLC_S582_L001_R1_trimmed_bismark_bt2_pe.bam,8977,8686,291,0,0,,,443097,15971,88972,809,111836,2301,223208
/home/cgumbi/methylation/sea_lion/bismark_output/locus002/alignment/37166-FOXD3_S775_L001_R1_trimmed_bismark_bt2_pe.bam,307,88,219,0,0,,,2854,117,538,10,831,4,1354
/home/cgumbi/methylation/sea_lion/bismark_output/locus002/alignment/37166-HCN1_S7_L001_R1_trimmed_bismark_bt2_pe.bam,17079,16307,772,0,0,,,456510,2202,63020,1101,145550,2684,241953
/home/cgumbi/methylation/sea_lion/bismark_output/locus002/alignment/37166-HOXB9_S199_L001_R1_trimmed_bismark_bt2_pe.bam,33552,32332,1220,0,0,,,1091591,66042,248610,2315,159224,6664,608736
/home/cgumbi/methylation/sea_lion/bismark_output/locus002/alignment/37166-HSPA2_S391_L001_R1_trimmed_bismark_bt2_pe.bam,34962,32487,2475,0,0,,,1175546,125278,174119,674,96854,6636,771985
/home/cgumbi/methylation/sea_lion/bismark_output/locus002/alignment/37166-IGF2BP3_S871_L001_R1_trimmed_bismark_bt2_pe.bam,9832,5506,4326,0,0,,,184428,7064,34751,208,16379,340,125686
/home/cgumbi/methylation/sea_lion/bismark_output/locus002/alignment/37166-LOC1139_S103_L001_R1_trimmed_bismark_bt2_pe.bam,24253,22678,1575,0,0,,,746915,17423,208931,1024,202386,2870,314281
/home/cgumbi/methylation/sea_lion/bismark_output/locus002/alignment/37166-MDGA_S679_L001_R1_trimmed_bismark_bt2_pe.bam,21602,21020,582,0,0,,,903919,16593,214267,983,146066,4793,521217
/home/cgumbi/methylation/sea_lion/bismark_output/locus002/alignment/37166-OTP_S487_L001_R1_trimmed_bismark_bt2_pe.bam,49330,43917,5413,0,0,,,1163470,22124,174161,1572,218694,6824,740095
/home/cgumbi/methylation/sea_lion/bismark_output/locus002/alignment/37166-PBX3_S295_L001_R1_trimmed_bismark_bt2_pe.bam,14310,13990,320,0,0,,,293614,25644,2403,1358,110283,1650,152276
/home/cgumbi/methylation/sea_lion/bismark_output/locus002/alignment/37166-POU4F1_S967_L001_R1_trimmed_bismark_bt2_pe.bam,613,571,42,0,0,,,7736,33,1202,44,2285,23,4149
/home/cgumbi/methylation/sea_lion/bismark_output/locus002/alignment/37166-SLC_S583_L001_R1_trimmed_bismark_bt2_pe.bam,22717,22141,576,0,0,,,1130427,46944,221313,1975,285225,4958,570012
/home/cgumbi/methylation/sea_lion/bismark_output/locus002/alignment/37167-FOXD3_S776_L001_R1_trimmed_bismark_bt2_pe.bam,573,192,381,0,0,,,6114,302,1155,30,1930,36,2661
/home/cgumbi/methylation/sea_lion/bismark_output/locus002/alignment/37167-HCN1_S8_L001_R1_trimmed_bismark_bt2_pe.bam,10083,9460,623,0,0,,,264848,1596,36262,850,84167,1265,140708
/home/cgumbi/methylation/sea_lion/bismark_output/locus002/alignment/37167-HOXB9_S200_L001_R1_trimmed_bismark_bt2_pe.bam,20892,19990,902,0,0,,,674472,40285,153840,744,99121,2971,377511
/home/cgumbi/methylation/sea_lion/bismark_output/locus002/alignment/37167-HSPA2_S392_L001_R1_trimmed_bismark_bt2_pe.bam,21866,17711,4155,0,0,,,641305,75192,88592,711,52459,4497,419854
/home/cgumbi/methylation/sea_lion/bismark_output/locus002/alignment/37167-IGF2BP3_S872_L001_R1_trimmed_bismark_bt2_pe.bam,5888,3222,2666,0,0,,,108093,4491,20100,87,9594,280,73541
/home/cgumbi/methylation/sea_lion/bismark_output/locus002/alignment/37167-LOC1139_S104_L001_R1_trimmed_bismark_bt2_pe.bam,12584,11442,1142,0,0,,,376704,9113,105032,757,101806,1361,158635
/home/cgumbi/methylation/sea_lion/bismark_output/locus002/alignment/37167-MDGA_S680_L001_R1_trimmed_bismark_bt2_pe.bam,14031,13458,573,0,0,,,578609,13648,134116,442,93686,2944,333773
/home/cgumbi/methylation/sea_lion/bismark_output/locus002/alignment/37167-OTP_S488_L001_R1_trimmed_bismark_bt2_pe.bam,28166,24775,3391,0,0,,,656108,14603,96243,862,123249,3582,417569
/home/cgumbi/methylation/sea_lion/bismark_output/locus002/alignment/37167-PBX3_S296_L001_R1_trimmed_bismark_bt2_pe.bam,10083,9766,317,0,0,,,204817,17843,1717,990,76878,1179,106210
/home/cgumbi/methylation/sea_lion/bismark_output/locus002/alignment/37167-POU4F1_S968_L001_R1_trimmed_bismark_bt2_pe.bam,27432,26333,1099,0,0,,,342198,850,51843,1218,104114,794,183379
/home/cgumbi/methylation/sea_lion/bismark_output/locus002/alignment/37167-SLC_S584_L001_R1_trimmed_bismark_bt2_pe.bam,7826,7527,299,0,0,,,383960,16287,74838,681,96839,1862,193453
/home/cgumbi/methylation/sea_lion/bismark_output/locus002/alignment/37168-FOXD3_S777_L001_R1_trimmed_bismark_bt2_pe.bam,53,31,22,0,0,,,1062,63,184,2,270,2,541
/home/cgumbi/methylation/sea_lion/bismark_output/locus002/alignment/37168-HCN1_S9_L001_R1_trimmed_bismark_bt2_pe.bam,8813,8395,418,0,0,,,235098,1402,32222,761,74696,1381,124636
/home/cgumbi/methylation/sea_lion/bismark_output/locus002/alignment/37168-HOXB9_S201_L001_R1_trimmed_bismark_bt2_pe.bam,14450,13843,607,0,0,,,467468,39110,95783,403,68763,2258,261151
/home/cgumbi/methylation/sea_lion/bismark_output/locus002/alignment/37168-HSPA2_S393_L001_R1_trimmed_bismark_bt2_pe.bam,17712,15940,1772,0,0,,,577039,63157,84092,335,47550,4101,377804
/home/cgumbi/methylation/sea_lion/bismark_output/locus002/alignment/37168-IGF2BP3_S873_L001_R1_trimmed_bismark_bt2_pe.bam,4884,2722,2162,0,0,,,91271,3640,17126,65,8137,333,61970
/home/cgumbi/methylation/sea_lion/bismark_output/locus002/alignment/37168-LOC1139_S105_L001_R1_trimmed_bismark_bt2_pe.bam,11373,10331,1042,0,0,,,340239,8309,94802,594,92044,1452,143038
/home/cgumbi/methylation/sea_lion/bismark_output/locus002/alignment/37168-MDGA_S681_L001_R1_trimmed_bismark_bt2_pe.bam,11158,10813,345,0,0,,,464927,9879,108877,217,75420,2503,268031
/home/cgumbi/methylation/sea_lion/bismark_output/locus002/alignment/37168-OTP_S489_L001_R1_trimmed_bismark_bt2_pe.bam,1076,940,136,0,0,,,26242,565,4073,45,5098,138,16323
/home/cgumbi/methylation/sea_lion/bismark_output/locus002/alignment/37168-PBX3_S297_L001_R1_trimmed_bismark_bt2_pe.bam,9533,9267,266,0,0,,,194400,16741,1806,1009,72943,1302,100599
/home/cgumbi/methylation/sea_lion/bismark_output/locus002/alignment/37168-POU4F1_S969_L001_R1_trimmed_bismark_bt2_pe.bam,342,312,30,0,0,,,4432,45,689,14,1276,10,2398
/home/cgumbi/methylation/sea_lion/bismark_output/locus002/alignment/37168-SLC_S585_L001_R1_trimmed_bismark_bt2_pe.bam,10512,9708,804,0,0,,,495649,20290,97343,849,125087,2654,249426
/home/cgumbi/methylation/sea_lion/bismark_output/locus002/alignment/37169-FOXD3_S778_L001_R1_trimmed_bismark_bt2_pe.bam,335,121,214,0,0,,,3894,220,619,24,1211,26,1794
/home/cgumbi/methylation/sea_lion/bismark_output/locus002/alignment/37169-HCN1_S10_L001_R1_trimmed_bismark_bt2_pe.bam,6933,6544,389,0,0,,,183117,1023,25135,634,58192,985,97148
/home/cgumbi/methylation/sea_lion/bismark_output/locus002/alignment/37169-HOXB9_S202_L001_R1_trimmed_bismark_bt2_pe.bam,11893,11485,408,0,0,,,387808,28692,83106,672,56746,1557,217035
/home/cgumbi/methylation/sea_lion/bismark_output/locus002/alignment/37169-HSPA2_S394_L001_R1_trimmed_bismark_bt2_pe.bam,6343,3141,3202,0,0,,,113500,10885,17932,56,9429,982,74216
/home/cgumbi/methylation/sea_lion/bismark_output/locus002/alignment/37169-IGF2BP3_S874_L001_R1_trimmed_bismark_bt2_pe.bam,2791,578,2213,0,0,,,19404,714,3712,13,1764,114,13087
/home/cgumbi/methylation/sea_lion/bismark_output/locus002/alignment/37169-LOC1139_S106_L001_R1_trimmed_bismark_bt2_pe.bam,9003,8359,644,0,0,,,275277,5787,77636,579,74378,990,115907
/home/cgumbi/methylation/sea_lion/bismark_output/locus002/alignment/37169-MDGA_S682_L001_R1_trimmed_bismark_bt2_pe.bam,8884,8631,253,0,0,,,371052,7312,87434,309,60068,1418,214511
/home/cgumbi/methylation/sea_lion/bismark_output/locus002/alignment/37169-OTP_S490_L001_R1_trimmed_bismark_bt2_pe.bam,10371,7617,2754,0,0,,,202149,3424,30777,233,38056,1065,128594
/home/cgumbi/methylation/sea_lion/bismark_output/locus002/alignment/37169-PBX3_S298_L001_R1_trimmed_bismark_bt2_pe.bam,6736,6600,136,0,0,,,138520,11718,1520,627,52027,662,71966
/home/cgumbi/methylation/sea_lion/bismark_output/locus002/alignment/37169-POU4F1_S970_L001_R1_trimmed_bismark_bt2_pe.bam,11091,8938,2153,0,0,,,116219,312,17594,388,35373,289,62263
/home/cgumbi/methylation/sea_lion/bismark_output/locus002/alignment/37169-SLC_S586_L001_R1_trimmed_bismark_bt2_pe.bam,7794,7546,248,0,0,,,385143,14764,76492,570,97342,1742,194233
/home/cgumbi/methylation/sea_lion/bismark_output/locus002/alignment/37170-FOXD3_S779_L001_R1_trimmed_bismark_bt2_pe.bam,2266,1382,884,0,0,,,43901,2356,7280,241,14071,241,19712
/home/cgumbi/methylation/sea_lion/bismark_output/locus002/alignment/37170-HCN1_S11_L001_R1_trimmed_bismark_bt2_pe.bam,12284,11738,546,0,0,,,328634,1796,45178,1274,104248,2170,173968
/home/cgumbi/methylation/sea_lion/bismark_output/locus002/alignment/37170-HOXB9_S203_L001_R1_trimmed_bismark_bt2_pe.bam,25078,24127,951,0,0,,,814014,48983,185219,912,119707,2865,456328
/home/cgumbi/methylation/sea_lion/bismark_output/locus002/alignment/37170-HSPA2_S395_L001_R1_trimmed_bismark_bt2_pe.bam,32103,28648,3455,0,0,,,1035117,92966,169682,470,85578,6911,679510
/home/cgumbi/methylation/sea_lion/bismark_output/locus002/alignment/37170-IGF2BP3_S875_L001_R1_trimmed_bismark_bt2_pe.bam,7628,4432,3196,0,0,,,148294,5576,27965,150,13224,522,100857
/home/cgumbi/methylation/sea_lion/bismark_output/locus002/alignment/37170-LOC1139_S107_L001_R1_trimmed_bismark_bt2_pe.bam,17127,15820,1307,0,0,,,520891,11951,145858,1172,140680,1903,219327
/home/cgumbi/methylation/sea_lion/bismark_output/locus002/alignment/37170-MDGA_S683_L001_R1_trimmed_bismark_bt2_pe.bam,17869,17366,503,0,0,,,746633,14901,175730,410,121059,4525,430008
/home/cgumbi/methylation/sea_lion/bismark_output/locus002/alignment/37170-OTP_S491_L001_R1_trimmed_bismark_bt2_pe.bam,36311,31781,4530,0,0,,,842095,14245,128115,990,158401,4574,535770
/home/cgumbi/methylation/sea_lion/bismark_output/locus002/alignment/37170-PBX3_S299_L001_R1_trimmed_bismark_bt2_pe.bam,11469,11114,355,0,0,,,233282,20057,2260,817,87867,1172,121109
/home/cgumbi/methylation/sea_lion/bismark_output/locus002/alignment/37170-POU4F1_S971_L001_R1_trimmed_bismark_bt2_pe.bam,29963,29107,856,0,0,,,378477,730,57611,1233,115229,1323,202351
/home/cgumbi/methylation/sea_lion/bismark_output/locus002/alignment/37170-SLC_S587_L001_R1_trimmed_bismark_bt2_pe.bam,16134,15631,503,0,0,,,797739,31728,157489,1718,200988,4423,401393
/home/cgumbi/methylation/sea_lion/bismark_output/locus002/alignment/37171-FOXD3_S780_L001_R1_trimmed_bismark_bt2_pe.bam,1592,970,622,0,0,,,30760,1787,4584,138,9862,168,14221
/home/cgumbi/methylation/sea_lion/bismark_output/locus002/alignment/37171-HCN1_S12_L001_R1_trimmed_bismark_bt2_pe.bam,8373,7950,423,0,0,,,222519,865,30929,846,70619,1332,117928
/home/cgumbi/methylation/sea_lion/bismark_output/locus002/alignment/37171-HOXB9_S204_L001_R1_trimmed_bismark_bt2_pe.bam,15650,15043,607,0,0,,,507395,28862,117063,480,74700,2288,284002
/home/cgumbi/methylation/sea_lion/bismark_output/locus002/alignment/37171-HSPA2_S396_L001_R1_trimmed_bismark_bt2_pe.bam,19584,18212,1372,0,0,,,658985,70473,97457,678,53986,4021,432370
/home/cgumbi/methylation/sea_lion/bismark_output/locus002/alignment/37171-IGF2BP3_S876_L001_R1_trimmed_bismark_bt2_pe.bam,5089,2878,2211,0,0,,,96545,3822,18112,58,8666,291,65596
/home/cgumbi/methylation/sea_lion/bismark_output/locus002/alignment/37171-LOC1139_S108_L001_R1_trimmed_bismark_bt2_pe.bam,12469,11603,866,0,0,,,381961,8402,107332,952,103048,1443,160784
/home/cgumbi/methylation/sea_lion/bismark_output/locus002/alignment/37171-MDGA_S684_L001_R1_trimmed_bismark_bt2_pe.bam,11530,11207,323,0,0,,,481916,9981,113113,302,78110,2746,277664
/home/cgumbi/methylation/sea_lion/bismark_output/locus002/alignment/37171-OTP_S492_L001_R1_trimmed_bismark_bt2_pe.bam,25948,22922,3026,0,0,,,607555,11021,91613,811,114240,3634,386236
/home/cgumbi/methylation/sea_lion/bismark_output/locus002/alignment/37171-PBX3_S300_L001_R1_trimmed_bismark_bt2_pe.bam,9283,9084,199,0,0,,,190570,16224,1965,921,71555,1261,98644
/home/cgumbi/methylation/sea_lion/bismark_output/locus002/alignment/37171-POU4F1_S972_L001_R1_trimmed_bismark_bt2_pe.bam,17766,17240,526,0,0,,,224105,373,34158,900,68049,524,120101
/home/cgumbi/methylation/sea_lion/bismark_output/locus002/alignment/37171-SLC_S588_L001_R1_trimmed_bismark_bt2_pe.bam,11697,11352,345,0,0,,,579153,21721,115480,1135,146109,2962,291746
/home/cgumbi/methylation/sea_lion/bismark_output/locus002/alignment/37172-FOXD3_S781_L001_R1_trimmed_bismark_bt2_pe.bam,1538,904,634,0,0,,,28721,1619,4588,165,9162,159,13028
/home/cgumbi/methylation/sea_lion/bismark_output/locus002/alignment/37172-HCN1_S13_L001_R1_trimmed_bismark_bt2_pe.bam,8852,8409,443,0,0,,,235296,1379,32223,793,74764,1138,124999
/home/cgumbi/methylation/sea_lion/bismark_output/locus002/alignment/37172-HOXB9_S205_L001_R1_trimmed_bismark_bt2_pe.bam,16212,15607,605,0,0,,,527027,34611,117417,503,77532,1976,294988
/home/cgumbi/methylation/sea_lion/bismark_output/locus002/alignment/37172-HSPA2_S397_L001_R1_trimmed_bismark_bt2_pe.bam,23623,21231,2392,0,0,,,767828,73410,121945,698,63020,5240,503515
/home/cgumbi/methylation/sea_lion/bismark_output/locus002/alignment/37172-IGF2BP3_S877_L001_R1_trimmed_bismark_bt2_pe.bam,4756,2622,2134,0,0,,,87888,3513,16465,81,7821,230,59778
/home/cgumbi/methylation/sea_lion/bismark_output/locus002/alignment/37172-LOC1139_S109_L001_R1_trimmed_bismark_bt2_pe.bam,14845,13695,1150,0,0,,,450757,10863,125741,745,121932,1685,189791
/home/cgumbi/methylation/sea_lion/bismark_output/locus002/alignment/37172-MDGA_S685_L001_R1_trimmed_bismark_bt2_pe.bam,13330,12950,380,0,0,,,556789,10855,131358,531,90039,2979,321027
/home/cgumbi/methylation/sea_lion/bismark_output/locus002/alignment/37172-OTP_S493_L001_R1_trimmed_bismark_bt2_pe.bam,23274,20507,2767,0,0,,,543114,9144,82533,716,102100,3041,345580
/home/cgumbi/methylation/sea_lion/bismark_output/locus002/alignment/37172-PBX3_S301_L001_R1_trimmed_bismark_bt2_pe.bam,9508,9271,237,0,0,,,194521,16330,2236,1049,72934,1357,100615
/home/cgumbi/methylation/sea_lion/bismark_output/locus002/alignment/37172-POU4F1_S973_L001_R1_trimmed_bismark_bt2_pe.bam,25516,24793,723,0,0,,,322363,792,48873,1478,97718,996,172506
/home/cgumbi/methylation/sea_lion/bismark_output/locus002/alignment/37172-SLC_S589_L001_R1_trimmed_bismark_bt2_pe.bam,9242,8993,249,0,0,,,458932,16828,91928,916,115737,2464,231059
/home/cgumbi/methylation/sea_lion/bismark_output/locus002/alignment/37173-FOXD3_S782_L001_R1_trimmed_bismark_bt2_pe.bam,288,82,206,0,0,,,2647,128,470,3,786,14,1246
/home/cgumbi/methylation/sea_lion/bismark_output/locus002/alignment/37173-HCN1_S14_L001_R1_trimmed_bismark_bt2_pe.bam,7717,7326,391,0,0,,,205176,633,28727,413,65425,839,109139
/home/cgumbi/methylation/sea_lion/bismark_output/locus002/alignment/37173-HOXB9_S206_L001_R1_trimmed_bismark_bt2_pe.bam,12861,12310,551,0,0,,,415531,24215,95507,744,60787,1480,232798
/home/cgumbi/methylation/sea_lion/bismark_output/locus002/alignment/37173-HSPA2_S398_L001_R1_trimmed_bismark_bt2_pe.bam,16331,14530,1801,0,0,,,524840,44852,88182,113,43541,3283,344869
/home/cgumbi/methylation/sea_lion/bismark_output/locus002/alignment/37173-IGF2BP3_S878_L001_R1_trimmed_bismark_bt2_pe.bam,4840,2705,2135,0,0,,,90730,3511,17101,19,8161,289,61649
/home/cgumbi/methylation/sea_lion/bismark_output/locus002/alignment/37173-LOC1139_S110_L001_R1_trimmed_bismark_bt2_pe.bam,10714,9829,885,0,0,,,323110,6378,91521,423,87536,1297,135955
/home/cgumbi/methylation/sea_lion/bismark_output/locus002/alignment/37173-MDGA_S686_L001_R1_trimmed_bismark_bt2_pe.bam,11735,11380,355,0,0,,,489348,10285,114641,268,79332,2049,282773
/home/cgumbi/methylation/sea_lion/bismark_output/locus002/alignment/37173-OTP_S494_L001_R1_trimmed_bismark_bt2_pe.bam,21239,18612,2627,0,0,,,493032,7482,75768,766,92550,2556,313910
/home/cgumbi/methylation/sea_lion/bismark_output/locus002/alignment/37173-PBX3_S302_L001_R1_trimmed_bismark_bt2_pe.bam,7313,7065,248,0,0,,,148245,12972,1207,667,55680,685,77034
/home/cgumbi/methylation/sea_lion/bismark_output/locus002/alignment/37173-POU4F1_S974_L001_R1_trimmed_bismark_bt2_pe.bam,16739,16215,524,0,0,,,210763,800,31670,553,64323,387,113030
/home/cgumbi/methylation/sea_lion/bismark_output/locus002/alignment/37173-SLC_S590_L001_R1_trimmed_bismark_bt2_pe.bam,11012,10683,329,0,0,,,544825,17171,111707,727,137856,2495,274869
/home/cgumbi/methylation/sea_lion/bismark_output/locus002/alignment/37174-FOXD3_S783_L001_R1_trimmed_bismark_bt2_pe.bam,490,194,296,0,0,,,6160,347,961,32,1871,37,2912
/home/cgumbi/methylation/sea_lion/bismark_output/locus002/alignment/37174-HCN1_S15_L001_R1_trimmed_bismark_bt2_pe.bam,12170,11529,641,0,0,,,322690,1540,44545,1013,102612,1698,171282
/home/cgumbi/methylation/sea_lion/bismark_output/locus002/alignment/37174-HOXB9_S207_L001_R1_trimmed_bismark_bt2_pe.bam,25081,24098,983,0,0,,,813637,54528,180051,1211,119180,3503,455164
/home/cgumbi/methylation/sea_lion/bismark_output/locus002/alignment/37174-HSPA2_S399_L001_R1_trimmed_bismark_bt2_pe.bam,29489,26796,2693,0,0,,,968253,82045,163635,907,79485,6209,635972
/home/cgumbi/methylation/sea_lion/bismark_output/locus002/alignment/37174-IGF2BP3_S879_L001_R1_trimmed_bismark_bt2_pe.bam,8082,4626,3456,0,0,,,154862,5947,29186,93,13824,465,105347
/home/cgumbi/methylation/sea_lion/bismark_output/locus002/alignment/37174-LOC1139_S111_L001_R1_trimmed_bismark_bt2_pe.bam,9527,6864,2663,0,0,,,226063,4670,63843,448,61091,749,95262
/home/cgumbi/methylation/sea_lion/bismark_output/locus002/alignment/37174-MDGA_S687_L001_R1_trimmed_bismark_bt2_pe.bam,13683,13305,378,0,0,,,572116,10754,135389,441,92614,3269,329649
/home/cgumbi/methylation/sea_lion/bismark_output/locus002/alignment/37174-OTP_S495_L001_R1_trimmed_bismark_bt2_pe.bam,38090,33057,5033,0,0,,,874133,7595,139146,3168,162425,6476,555323
/home/cgumbi/methylation/sea_lion/bismark_output/locus002/alignment/37174-PBX3_S303_L001_R1_trimmed_bismark_bt2_pe.bam,12478,12177,301,0,0,,,255476,21013,3366,1632,95521,1275,132669
/home/cgumbi/methylation/sea_lion/bismark_output/locus002/alignment/37174-POU4F1_S975_L001_R1_trimmed_bismark_bt2_pe.bam,30213,29350,863,0,0,,,381553,839,57937,1281,116143,938,204415
/home/cgumbi/methylation/sea_lion/bismark_output/locus002/alignment/37174-SLC_S591_L001_R1_trimmed_bismark_bt2_pe.bam,9928,9656,272,0,0,,,492328,17374,99220,994,124131,2629,247980
/home/cgumbi/methylation/sea_lion/bismark_output/locus002/alignment/37175-FOXD3_S784_L001_R1_trimmed_bismark_bt2_pe.bam,1399,762,637,0,0,,,24272,1440,3939,116,7689,116,10972
/home/cgumbi/methylation/sea_lion/bismark_output/locus002/alignment/37175-HCN1_S16_L001_R1_trimmed_bismark_bt2_pe.bam,8861,8307,554,0,0,,,232417,770,32397,761,73915,1018,123556
/home/cgumbi/methylation/sea_lion/bismark_output/locus002/alignment/37175-HOXB9_S208_L001_R1_trimmed_bismark_bt2_pe.bam,21314,20389,925,0,0,,,688668,45916,152727,1305,100607,2560,385553
/home/cgumbi/methylation/sea_lion/bismark_output/locus002/alignment/37175-HSPA2_S400_L001_R1_trimmed_bismark_bt2_pe.bam,22809,16260,6549,0,0,,,587551,57584,91807,852,47933,4290,385085
/home/cgumbi/methylation/sea_lion/bismark_output/locus002/alignment/37175-IGF2BP3_S880_L001_R1_trimmed_bismark_bt2_pe.bam,4109,1942,2167,0,0,,,65167,2712,12205,31,5814,133,44272
/home/cgumbi/methylation/sea_lion/bismark_output/locus002/alignment/37175-LOC1139_S112_L001_R1_trimmed_bismark_bt2_pe.bam,15008,13468,1540,0,0,,,442935,8910,125285,1117,119454,1596,186573
/home/cgumbi/methylation/sea_lion/bismark_output/locus002/alignment/37175-MDGA_S688_L001_R1_trimmed_bismark_bt2_pe.bam,10857,10381,476,0,0,,,446170,8997,104942,394,72220,1880,257737
/home/cgumbi/methylation/sea_lion/bismark_output/locus002/alignment/37175-OTP_S496_L001_R1_trimmed_bismark_bt2_pe.bam,34859,30260,4599,0,0,,,801522,13585,121780,1497,150199,4667,509794
/home/cgumbi/methylation/sea_lion/bismark_output/locus002/alignment/37175-PBX3_S304_L001_R1_trimmed_bismark_bt2_pe.bam,6265,5923,342,0,0,,,124131,10348,1519,740,46407,841,64276
/home/cgumbi/methylation/sea_lion/bismark_output/locus002/alignment/37175-POU4F1_S976_L001_R1_trimmed_bismark_bt2_pe.bam,26617,25710,907,0,0,,,334067,629,50794,1414,101382,815,179033
/home/cgumbi/methylation/sea_lion/bismark_output/locus002/alignment/37175-SLC_S592_L001_R1_trimmed_bismark_bt2_pe.bam,13578,12974,604,0,0,,,661094,23651,132672,1365,166747,3181,333478
/home/cgumbi/methylation/sea_lion/bismark_output/locus002/alignment/37176-FOXD3_S785_L001_R1_trimmed_bismark_bt2_pe.bam,633,332,301,0,0,,,10653,615,1672,54,3344,75,4893
/home/cgumbi/methylation/sea_lion/bismark_output/locus002/alignment/37176-HCN1_S17_L001_R1_trimmed_bismark_bt2_pe.bam,9083,8658,425,0,0,,,242311,907,33702,873,76953,1521,128355
/home/cgumbi/methylation/sea_lion/bismark_output/locus002/alignment/37176-HOXB9_S209_L001_R1_trimmed_bismark_bt2_pe.bam,186,171,15,0,0,,,5760,350,1295,6,876,19,3214
/home/cgumbi/methylation/sea_lion/bismark_output/locus002/alignment/37176-HSPA2_S401_L001_R1_trimmed_bismark_bt2_pe.bam,21134,19310,1824,0,0,,,698577,67731,110181,491,57489,4949,457736
/home/cgumbi/methylation/sea_lion/bismark_output/locus002/alignment/37176-IGF2BP3_S881_L001_R1_trimmed_bismark_bt2_pe.bam,3329,1870,1459,0,0,,,62623,2342,11910,17,5622,189,42543
/home/cgumbi/methylation/sea_lion/bismark_output/locus002/alignment/37176-LOC1139_S113_L001_R1_trimmed_bismark_bt2_pe.bam,9031,8323,708,0,0,,,273908,5648,77350,599,73988,851,115472
/home/cgumbi/methylation/sea_lion/bismark_output/locus002/alignment/37176-MDGA_S689_L001_R1_trimmed_bismark_bt2_pe.bam,11099,10789,310,0,0,,,463916,9239,109235,278,75192,2821,267151
/home/cgumbi/methylation/sea_lion/bismark_output/locus002/alignment/37176-OTP_S497_L001_R1_trimmed_bismark_bt2_pe.bam,243,210,33,0,0,,,7504,214,1332,7,1667,48,4236
/home/cgumbi/methylation/sea_lion/bismark_output/locus002/alignment/37176-PBX3_S305_L001_R1_trimmed_bismark_bt2_pe.bam,10533,10262,271,0,0,,,215334,17965,2595,797,81107,1505,111365
/home/cgumbi/methylation/sea_lion/bismark_output/locus002/alignment/37176-POU4F1_S977_L001_R1_trimmed_bismark_bt2_pe.bam,23028,22409,619,0,0,,,291401,662,44214,1034,88639,935,155917
/home/cgumbi/methylation/sea_lion/bismark_output/locus002/alignment/37176-SLC_S593_L001_R1_trimmed_bismark_bt2_pe.bam,16781,16217,564,0,0,,,827658,30480,165530,1421,209051,3949,417227
/home/cgumbi/methylation/sea_lion/bismark_output/locus002/alignment/37177-FOXD3_S786_L001_R1_trimmed_bismark_bt2_pe.bam,175,40,135,0,0,,,1275,70,216,5,352,2,630
/home/cgumbi/methylation/sea_lion/bismark_output/locus002/alignment/37177-HCN1_S18_L001_R1_trimmed_bismark_bt2_pe.bam,9075,8578,497,0,0,,,240072,1150,33142,540,76558,1304,127378
/home/cgumbi/methylation/sea_lion/bismark_output/locus002/alignment/37177-HOXB9_S210_L001_R1_trimmed_bismark_bt2_pe.bam,16822,16120,702,0,0,,,543857,33705,122826,844,79676,1381,305425
/home/cgumbi/methylation/sea_lion/bismark_output/locus002/alignment/37177-HSPA2_S402_L001_R1_trimmed_bismark_bt2_pe.bam,19087,17666,1421,0,0,,,638123,53074,108794,206,52851,4445,418753
/home/cgumbi/methylation/sea_lion/bismark_output/locus002/alignment/37177-IGF2BP3_S882_L001_R1_trimmed_bismark_bt2_pe.bam,4697,2670,2027,0,0,,,89578,3412,16994,54,8018,232,60868
/home/cgumbi/methylation/sea_lion/bismark_output/locus002/alignment/37177-LOC1139_S114_L001_R1_trimmed_bismark_bt2_pe.bam,9614,8842,772,0,0,,,291092,6761,81435,502,78757,1041,122596
/home/cgumbi/methylation/sea_lion/bismark_output/locus002/alignment/37177-MDGA_S690_L001_R1_trimmed_bismark_bt2_pe.bam,11529,11157,372,0,0,,,479706,8925,113575,508,77550,1997,277151
/home/cgumbi/methylation/sea_lion/bismark_output/locus002/alignment/37177-OTP_S498_L001_R1_trimmed_bismark_bt2_pe.bam,860,734,126,0,0,,,21085,393,3390,32,4176,102,12992
/home/cgumbi/methylation/sea_lion/bismark_output/locus002/alignment/37177-PBX3_S306_L001_R1_trimmed_bismark_bt2_pe.bam,9404,9174,230,0,0,,,192421,15430,2938,785,72394,965,99909
/home/cgumbi/methylation/sea_lion/bismark_output/locus002/alignment/37177-POU4F1_S978_L001_R1_trimmed_bismark_bt2_pe.bam,20396,19860,536,0,0,,,258139,551,39210,843,78578,632,138325
/home/cgumbi/methylation/sea_lion/bismark_output/locus002/alignment/37177-SLC_S594_L001_R1_trimmed_bismark_bt2_pe.bam,11632,11266,366,0,0,,,575068,20554,115707,960,145248,2591,290008
/home/cgumbi/methylation/sea_lion/bismark_output/locus002/alignment/37178-FOXD3_S787_L001_R1_trimmed_bismark_bt2_pe.bam,217,62,155,0,0,,,1997,111,305,13,603,14,951
/home/cgumbi/methylation/sea_lion/bismark_output/locus002/alignment/37178-HCN1_S19_L001_R1_trimmed_bismark_bt2_pe.bam,5919,5618,301,0,0,,,157285,710,21783,529,49962,954,83347
/home/cgumbi/methylation/sea_lion/bismark_output/locus002/alignment/37178-HOXB9_S211_L001_R1_trimmed_bismark_bt2_pe.bam,153,136,17,0,0,,,4579,258,1043,7,695,12,2564
/home/cgumbi/methylation/sea_lion/bismark_output/locus002/alignment/37178-HSPA2_S403_L001_R1_trimmed_bismark_bt2_pe.bam,15969,14202,1767,0,0,,,513650,50363,80435,505,42143,3315,336889
/home/cgumbi/methylation/sea_lion/bismark_output/locus002/alignment/37178-IGF2BP3_S883_L001_R1_trimmed_bismark_bt2_pe.bam,3007,1680,1327,0,0,,,56297,2204,10611,50,5020,149,38263
/home/cgumbi/methylation/sea_lion/bismark_output/locus002/alignment/37178-LOC1139_S115_L001_R1_trimmed_bismark_bt2_pe.bam,5691,5290,401,0,0,,,174139,3699,49053,343,47067,616,73361
/home/cgumbi/methylation/sea_lion/bismark_output/locus002/alignment/37178-MDGA_S691_L001_R1_trimmed_bismark_bt2_pe.bam,7902,7684,218,0,0,,,330348,6293,78088,292,53451,1714,190510
/home/cgumbi/methylation/sea_lion/bismark_output/locus002/alignment/37178-OTP_S499_L001_R1_trimmed_bismark_bt2_pe.bam,13381,11815,1566,0,0,,,312744,5662,47037,256,58947,1887,198955
/home/cgumbi/methylation/sea_lion/bismark_output/locus002/alignment/37178-PBX3_S307_L001_R1_trimmed_bismark_bt2_pe.bam,6038,5882,156,0,0,,,123339,10385,1377,571,46321,718,63967
/home/cgumbi/methylation/sea_lion/bismark_output/locus002/alignment/37178-POU4F1_S979_L001_R1_trimmed_bismark_bt2_pe.bam,14103,13696,407,0,0,,,178015,385,27034,661,54128,422,95385
/home/cgumbi/methylation/sea_lion/bismark_output/locus002/alignment/37178-SLC_S595_L001_R1_trimmed_bismark_bt2_pe.bam,5517,5353,164,0,0,,,273007,9751,54897,504,68924,1258,137673
/home/cgumbi/methylation/sea_lion/bismark_output/locus002/alignment/37179-FOXD3_S788_L001_R1_trimmed_bismark_bt2_pe.bam,385,165,220,0,0,,,5237,326,813,29,1642,21,2406
/home/cgumbi/methylation/sea_lion/bismark_output/locus002/alignment/37179-HCN1_S20_L001_R1_trimmed_bismark_bt2_pe.bam,8476,8106,370,0,0,,,226933,925,31496,686,72187,1199,120440
/home/cgumbi/methylation/sea_lion/bismark_output/locus002/alignment/37179-HOXB9_S212_L001_R1_trimmed_bismark_bt2_pe.bam,112,97,15,0,0,,,3249,174,749,7,513,12,1794
/home/cgumbi/methylation/sea_lion/bismark_output/locus002/alignment/37179-HSPA2_S404_L001_R1_trimmed_bismark_bt2_pe.bam,15684,14150,1534,0,0,,,512002,51988,78476,430,42065,2788,336255
/home/cgumbi/methylation/sea_lion/bismark_output/locus002/alignment/37179-IGF2BP3_S884_L001_R1_trimmed_bismark_bt2_pe.bam,4455,2469,1986,0,0,,,82684,3195,15543,55,7391,235,56265
/home/cgumbi/methylation/sea_lion/bismark_output/locus002/alignment/37179-LOC1139_S116_L001_R1_trimmed_bismark_bt2_pe.bam,8535,7890,645,0,0,,,259613,5686,72967,378,70315,898,109369
/home/cgumbi/methylation/sea_lion/bismark_output/locus002/alignment/37179-MDGA_S692_L001_R1_trimmed_bismark_bt2_pe.bam,9625,9346,279,0,0,,,401835,7777,94866,210,65182,1886,231914
/home/cgumbi/methylation/sea_lion/bismark_output/locus002/alignment/37179-OTP_S500_L001_R1_trimmed_bismark_bt2_pe.bam,1415,1257,158,0,0,,,33849,615,5207,31,6443,158,21395
/home/cgumbi/methylation/sea_lion/bismark_output/locus002/alignment/37179-PBX3_S308_L001_R1_trimmed_bismark_bt2_pe.bam,8413,8198,215,0,0,,,171884,14720,1672,623,64777,722,89370
/home/cgumbi/methylation/sea_lion/bismark_output/locus002/alignment/37179-POU4F1_S980_L001_R1_trimmed_bismark_bt2_pe.bam,15549,15127,422,0,0,,,196573,532,29742,641,59857,297,105504
/home/cgumbi/methylation/sea_lion/bismark_output/locus002/alignment/37179-SLC_S596_L001_R1_trimmed_bismark_bt2_pe.bam,5463,5314,149,0,0,,,271339,10823,53552,427,68551,1077,136909
/home/cgumbi/methylation/sea_lion/bismark_output/locus002/alignment/37180-FOXD3_S789_L001_R1_trimmed_bismark_bt2_pe.bam,367,167,200,0,0,,,5387,301,834,32,1674,14,2532
/home/cgumbi/methylation/sea_lion/bismark_output/locus002/alignment/37180-HCN1_S21_L001_R1_trimmed_bismark_bt2_pe.bam,6789,6431,358,0,0,,,179968,942,24803,580,57178,949,95516
/home/cgumbi/methylation/sea_lion/bismark_output/locus002/alignment/37180-HOXB9_S213_L001_R1_trimmed_bismark_bt2_pe.bam,9795,9420,375,0,0,,,317603,15818,75416,334,46731,1094,178210
/home/cgumbi/methylation/sea_lion/bismark_output/locus002/alignment/37180-HSPA2_S405_L001_R1_trimmed_bismark_bt2_pe.bam,16745,14828,1917,0,0,,,535744,51365,84742,427,44099,3274,351837
/home/cgumbi/methylation/sea_lion/bismark_output/locus002/alignment/37180-IGF2BP3_S885_L001_R1_trimmed_bismark_bt2_pe.bam,3753,2126,1627,0,0,,,71289,2843,13373,42,6374,196,48461
/home/cgumbi/methylation/sea_lion/bismark_output/locus002/alignment/37180-LOC1139_S117_L001_R1_trimmed_bismark_bt2_pe.bam,7482,6896,586,0,0,,,226989,4709,64089,425,61368,754,95644
/home/cgumbi/methylation/sea_lion/bismark_output/locus002/alignment/37180-MDGA_S693_L001_R1_trimmed_bismark_bt2_pe.bam,8386,8165,221,0,0,,,351147,7089,82607,198,56910,1535,202808
/home/cgumbi/methylation/sea_lion/bismark_output/locus002/alignment/37180-OTP_S501_L001_R1_trimmed_bismark_bt2_pe.bam,16151,14324,1827,0,0,,,379141,6880,57081,338,71365,1875,241602
/home/cgumbi/methylation/sea_lion/bismark_output/locus002/alignment/37180-PBX3_S309_L001_R1_trimmed_bismark_bt2_pe.bam,6373,6222,151,0,0,,,130546,11323,1160,586,49030,508,67939
/home/cgumbi/methylation/sea_lion/bismark_output/locus002/alignment/37180-POU4F1_S981_L001_R1_trimmed_bismark_bt2_pe.bam,14972,14548,424,0,0,,,189128,375,28751,637,57565,523,101277
/home/cgumbi/methylation/sea_lion/bismark_output/locus002/alignment/37180-SLC_S597_L001_R1_trimmed_bismark_bt2_pe.bam,5437,5259,178,0,0,,,268205,9789,53756,458,67717,1156,135329
/home/cgumbi/methylation/sea_lion/bismark_output/locus002/alignment/37181-FOXD3_S790_L001_R1_trimmed_bismark_bt2_pe.bam,245,62,183,0,0,,,1968,112,322,4,639,12,879
/home/cgumbi/methylation/sea_lion/bismark_output/locus002/alignment/37181-HCN1_S22_L001_R1_trimmed_bismark_bt2_pe.bam,3258,3070,188,0,0,,,85910,340,11929,203,27387,408,45643
/home/cgumbi/methylation/sea_lion/bismark_output/locus002/alignment/37181-HOXB9_S214_L001_R1_trimmed_bismark_bt2_pe.bam,5246,5028,218,0,0,,,169479,7879,40760,217,24898,388,95337
/home/cgumbi/methylation/sea_lion/bismark_output/locus002/alignment/37181-HSPA2_S406_L001_R1_trimmed_bismark_bt2_pe.bam,324,270,54,0,0,,,9744,867,1602,6,828,37,6404
/home/cgumbi/methylation/sea_lion/bismark_output/locus002/alignment/37181-IGF2BP3_S886_L001_R1_trimmed_bismark_bt2_pe.bam,1910,1015,895,0,0,,,34005,1280,6467,21,3049,63,23125
/home/cgumbi/methylation/sea_lion/bismark_output/locus002/alignment/37181-LOC1139_S118_L001_R1_trimmed_bismark_bt2_pe.bam,4393,4040,353,0,0,,,133010,2491,37819,212,36010,476,56002
/home/cgumbi/methylation/sea_lion/bismark_output/locus002/alignment/37181-MDGA_S694_L001_R1_trimmed_bismark_bt2_pe.bam,4409,4273,136,0,0,,,183752,3047,43887,129,29760,771,106158
/home/cgumbi/methylation/sea_lion/bismark_output/locus002/alignment/37181-OTP_S502_L001_R1_trimmed_bismark_bt2_pe.bam,8288,7227,1061,0,0,,,191431,2733,29597,273,35952,980,121896
/home/cgumbi/methylation/sea_lion/bismark_output/locus002/alignment/37181-PBX3_S310_L001_R1_trimmed_bismark_bt2_pe.bam,2948,2849,99,0,0,,,59847,4892,839,320,22426,281,31089
/home/cgumbi/methylation/sea_lion/bismark_output/locus002/alignment/37181-POU4F1_S982_L001_R1_trimmed_bismark_bt2_pe.bam,8548,8295,253,0,0,,,107811,124,16475,268,32927,273,57744
/home/cgumbi/methylation/sea_lion/bismark_output/locus002/alignment/37181-SLC_S598_L001_R1_trimmed_bismark_bt2_pe.bam,3662,3552,110,0,0,,,181063,5611,37181,303,45749,849,91370
/home/cgumbi/methylation/sea_lion/bismark_output/locus002/alignment/37182-FOXD3_S791_L001_R1_trimmed_bismark_bt2_pe.bam,261,73,188,0,0,,,2294,116,396,4,744,14,1020
/home/cgumbi/methylation/sea_lion/bismark_output/locus002/alignment/37182-HCN1_S23_L001_R1_trimmed_bismark_bt2_pe.bam,7072,6732,340,0,0,,,188443,722,26189,561,59983,835,100153
/home/cgumbi/methylation/sea_lion/bismark_output/locus002/alignment/37182-HOXB9_S215_L001_R1_trimmed_bismark_bt2_pe.bam,138,106,32,0,0,,,3586,209,809,8,544,11,2005
/home/cgumbi/methylation/sea_lion/bismark_output/locus002/alignment/37182-HSPA2_S407_L001_R1_trimmed_bismark_bt2_pe.bam,261,220,41,0,0,,,7925,636,1344,5,740,52,5148
/home/cgumbi/methylation/sea_lion/bismark_output/locus002/alignment/37182-IGF2BP3_S887_L001_R1_trimmed_bismark_bt2_pe.bam,3961,2349,1612,0,0,,,78693,2858,14935,68,7048,181,53603
/home/cgumbi/methylation/sea_lion/bismark_output/locus002/alignment/37182-LOC1139_S119_L001_R1_trimmed_bismark_bt2_pe.bam,11107,10292,815,0,0,,,338926,7011,95689,451,91865,1188,142722
/home/cgumbi/methylation/sea_lion/bismark_output/locus002/alignment/37182-MDGA_S695_L001_R1_trimmed_bismark_bt2_pe.bam,7695,7450,245,0,0,,,320278,6219,75562,272,51851,1238,185136
/home/cgumbi/methylation/sea_lion/bismark_output/locus002/alignment/37182-OTP_S503_L001_R1_trimmed_bismark_bt2_pe.bam,18893,16626,2267,0,0,,,440847,6624,67899,464,83027,2074,280759
/home/cgumbi/methylation/sea_lion/bismark_output/locus002/alignment/37182-PBX3_S311_L001_R1_trimmed_bismark_bt2_pe.bam,7115,6947,168,0,0,,,145752,12446,1458,520,54918,699,75711
/home/cgumbi/methylation/sea_lion/bismark_output/locus002/alignment/37182-POU4F1_S983_L001_R1_trimmed_bismark_bt2_pe.bam,27650,26826,824,0,0,,,348546,701,52945,1057,106226,820,186797
/home/cgumbi/methylation/sea_lion/bismark_output/locus002/alignment/37182-SLC_S599_L001_R1_trimmed_bismark_bt2_pe.bam,9551,9254,297,0,0,,,472012,15580,96127,863,119184,1941,238317
/home/cgumbi/methylation/sea_lion/bismark_output/locus002/alignment/37183-FOXD3_S792_L001_R1_trimmed_bismark_bt2_pe.bam,193,38,155,0,0,,,1239,52,221,5,356,5,600
/home/cgumbi/methylation/sea_lion/bismark_output/locus002/alignment/37183-HCN1_S24_L001_R1_trimmed_bismark_bt2_pe.bam,6848,6545,303,0,0,,,183166,855,25292,636,58210,789,97384
/home/cgumbi/methylation/sea_lion/bismark_output/locus002/alignment/37183-HOXB9_S216_L001_R1_trimmed_bismark_bt2_pe.bam,12280,11855,425,0,0,,,399494,24546,90175,435,58791,1514,224033
/home/cgumbi/methylation/sea_lion/bismark_output/locus002/alignment/37183-HSPA2_S408_L001_R1_trimmed_bismark_bt2_pe.bam,15010,13486,1524,0,0,,,487563,42966,80932,327,40150,3309,319879
/home/cgumbi/methylation/sea_lion/bismark_output/locus002/alignment/37183-IGF2BP3_S888_L001_R1_trimmed_bismark_bt2_pe.bam,4466,2636,1830,0,0,,,88247,3145,16846,83,7855,191,60127
/home/cgumbi/methylation/sea_lion/bismark_output/locus002/alignment/37183-LOC1139_S120_L001_R1_trimmed_bismark_bt2_pe.bam,8745,8177,568,0,0,,,269172,5896,75658,443,72838,797,113540
/home/cgumbi/methylation/sea_lion/bismark_output/locus002/alignment/37183-MDGA_S696_L001_R1_trimmed_bismark_bt2_pe.bam,9113,8887,226,0,0,,,382171,7022,90600,344,61819,1770,220616
/home/cgumbi/methylation/sea_lion/bismark_output/locus002/alignment/37183-OTP_S504_L001_R1_trimmed_bismark_bt2_pe.bam,17085,15328,1757,0,0,,,405907,6166,62243,553,76264,1751,258930
/home/cgumbi/methylation/sea_lion/bismark_output/locus002/alignment/37183-PBX3_S312_L001_R1_trimmed_bismark_bt2_pe.bam,6776,6635,141,0,0,,,139181,11655,1621,589,52340,643,72333
/home/cgumbi/methylation/sea_lion/bismark_output/locus002/alignment/37183-POU4F1_S984_L001_R1_trimmed_bismark_bt2_pe.bam,13877,13561,316,0,0,,,176291,315,26838,562,53675,551,94350
/home/cgumbi/methylation/sea_lion/bismark_output/locus002/alignment/37183-SLC_S600_L001_R1_trimmed_bismark_bt2_pe.bam,6847,6681,166,0,0,,,340835,12459,68276,539,86105,1548,171908
/home/cgumbi/methylation/sea_lion/bismark_output/locus002/alignment/37184-FOXD3_S793_L001_R1_trimmed_bismark_bt2_pe.bam,491,236,255,0,0,,,7531,413,1190,25,2366,22,3515
/home/cgumbi/methylation/sea_lion/bismark_output/locus002/alignment/37184-HCN1_S25_L001_R1_trimmed_bismark_bt2_pe.bam,9969,9464,505,0,0,,,264928,1379,36475,641,84431,1033,140969
/home/cgumbi/methylation/sea_lion/bismark_output/locus002/alignment/37184-HOXB9_S217_L001_R1_trimmed_bismark_bt2_pe.bam,677,631,46,0,0,,,21283,1346,4765,25,3136,69,11942
/home/cgumbi/methylation/sea_lion/bismark_output/locus002/alignment/37184-HSPA2_S409_L001_R1_trimmed_bismark_bt2_pe.bam,24262,21749,2513,0,0,,,788016,91113,110543,1258,64019,5042,516041
/home/cgumbi/methylation/sea_lion/bismark_output/locus002/alignment/37184-IGF2BP3_S889_L001_R1_trimmed_bismark_bt2_pe.bam,122,64,58,0,0,,,2146,99,396,0,230,8,1413
/home/cgumbi/methylation/sea_lion/bismark_output/locus002/alignment/37184-LOC1139_S121_L001_R1_trimmed_bismark_bt2_pe.bam,13862,12725,1137,0,0,,,418935,8993,117965,497,113583,1359,176538
/home/cgumbi/methylation/sea_lion/bismark_output/locus002/alignment/37184-MDGA_S697_L001_R1_trimmed_bismark_bt2_pe.bam,13707,13311,396,0,0,,,572331,11270,134876,324,92799,2632,330430
/home/cgumbi/methylation/sea_lion/bismark_output/locus002/alignment/37184-OTP_S505_L001_R1_trimmed_bismark_bt2_pe.bam,32747,28543,4204,0,0,,,756284,13410,114345,561,142618,2354,482996
/home/cgumbi/methylation/sea_lion/bismark_output/locus002/alignment/37184-PBX3_S313_L001_R1_trimmed_bismark_bt2_pe.bam,10899,10602,297,0,0,,,222413,19684,1529,878,83715,814,115793
/home/cgumbi/methylation/sea_lion/bismark_output/locus002/alignment/37184-POU4F1_S985_L001_R1_trimmed_bismark_bt2_pe.bam,23327,22652,675,0,0,,,294477,198,45164,591,90012,576,157936
/home/cgumbi/methylation/sea_lion/bismark_output/locus002/alignment/37184-SLC_S601_L001_R1_trimmed_bismark_bt2_pe.bam,16491,15988,503,0,0,,,816004,32543,161018,1029,206349,2869,412196
/home/cgumbi/methylation/sea_lion/bismark_output/locus002/alignment/37185-FOXD3_S794_L001_R1_trimmed_bismark_bt2_pe.bam,501,127,374,0,0,,,4043,192,760,19,1316,19,1737
/home/cgumbi/methylation/sea_lion/bismark_output/locus002/alignment/37185-HCN1_S26_L001_R1_trimmed_bismark_bt2_pe.bam,10435,9926,509,0,0,,,277815,876,38795,651,88596,1182,147715
/home/cgumbi/methylation/sea_lion/bismark_output/locus002/alignment/37185-HOXB9_S218_L001_R1_trimmed_bismark_bt2_pe.bam,1526,1453,73,0,0,,,48982,2950,11144,44,7223,153,27468
/home/cgumbi/methylation/sea_lion/bismark_output/locus002/alignment/37185-HSPA2_S410_L001_R1_trimmed_bismark_bt2_pe.bam,6171,44,6127,0,0,,,1586,133,260,0,154,15,1024
/home/cgumbi/methylation/sea_lion/bismark_output/locus002/alignment/37185-IGF2BP3_S890_L001_R1_trimmed_bismark_bt2_pe.bam,3831,376,3455,0,0,,,12579,502,2345,4,1162,85,8481
/home/cgumbi/methylation/sea_lion/bismark_output/locus002/alignment/37185-LOC1139_S122_L001_R1_trimmed_bismark_bt2_pe.bam,13281,12332,949,0,0,,,406120,6865,116209,601,110039,1219,171187
/home/cgumbi/methylation/sea_lion/bismark_output/locus002/alignment/37185-MDGA_S698_L001_R1_trimmed_bismark_bt2_pe.bam,5237,5134,103,0,0,,,220747,3720,52673,86,35844,668,127756
/home/cgumbi/methylation/sea_lion/bismark_output/locus002/alignment/37185-OTP_S506_L001_R1_trimmed_bismark_bt2_pe.bam,26032,22968,3064,0,0,,,606879,5529,96185,114,114830,3972,386249
/home/cgumbi/methylation/sea_lion/bismark_output/locus002/alignment/37185-PBX3_S314_L001_R1_trimmed_bismark_bt2_pe.bam,10637,10400,237,0,0,,,218081,18379,2413,714,82258,638,113679
/home/cgumbi/methylation/sea_lion/bismark_output/locus002/alignment/37185-POU4F1_S986_L001_R1_trimmed_bismark_bt2_pe.bam,7377,216,7161,0,0,,,3062,12,486,12,897,8,1647
/home/cgumbi/methylation/sea_lion/bismark_output/locus002/alignment/37185-SLC_S602_L001_R1_trimmed_bismark_bt2_pe.bam,4971,4847,124,0,0,,,247057,7715,50694,250,62574,638,125186
/home/cgumbi/methylation/sea_lion/bismark_output/locus002/alignment/37186-FOXD3_S795_L001_R1_trimmed_bismark_bt2_pe.bam,393,126,267,0,0,,,3984,246,587,10,1250,11,1880
/home/cgumbi/methylation/sea_lion/bismark_output/locus002/alignment/37186-HCN1_S27_L001_R1_trimmed_bismark_bt2_pe.bam,11338,10796,542,0,0,,,302190,982,42211,754,96287,1207,160749
/home/cgumbi/methylation/sea_lion/bismark_output/locus002/alignment/37186-HOXB9_S219_L001_R1_trimmed_bismark_bt2_pe.bam,580,530,50,0,0,,,17855,765,4352,20,2631,47,10040
/home/cgumbi/methylation/sea_lion/bismark_output/locus002/alignment/37186-HSPA2_S411_L001_R1_trimmed_bismark_bt2_pe.bam,27647,25186,2461,0,0,,,911897,94063,138668,450,75216,3560,599940
/home/cgumbi/methylation/sea_lion/bismark_output/locus002/alignment/37186-IGF2BP3_S891_L001_R1_trimmed_bismark_bt2_pe.bam,5334,2943,2390,1,0,,,98624,3793,18617,29,8858,252,67075
/home/cgumbi/methylation/sea_lion/bismark_output/locus002/alignment/37186-LOC1139_S123_L001_R1_trimmed_bismark_bt2_pe.bam,14048,12839,1209,0,0,,,422823,10077,118068,947,114180,1020,178531
/home/cgumbi/methylation/sea_lion/bismark_output/locus002/alignment/37186-MDGA_S699_L001_R1_trimmed_bismark_bt2_pe.bam,13913,13460,453,0,0,,,578805,10542,137253,336,93811,1819,335044
/home/cgumbi/methylation/sea_lion/bismark_output/locus002/alignment/37186-OTP_S507_L001_R1_trimmed_bismark_bt2_pe.bam,30268,26567,3701,0,0,,,703961,12071,106869,688,132571,2453,449309
/home/cgumbi/methylation/sea_lion/bismark_output/locus002/alignment/37186-PBX3_S315_L001_R1_trimmed_bismark_bt2_pe.bam,9558,9292,266,0,0,,,194787,16912,1671,745,73313,834,101312
/home/cgumbi/methylation/sea_lion/bismark_output/locus002/alignment/37186-POU4F1_S987_L001_R1_trimmed_bismark_bt2_pe.bam,27154,26338,816,0,0,,,342198,742,51921,1667,103661,503,183704
/home/cgumbi/methylation/sea_lion/bismark_output/locus002/alignment/37186-SLC_S603_L001_R1_trimmed_bismark_bt2_pe.bam,13565,13155,410,0,0,,,671035,24265,134659,847,169758,2629,338877
/home/cgumbi/methylation/sea_lion/bismark_output/locus002/alignment/37187-FOXD3_S796_L001_R1_trimmed_bismark_bt2_pe.bam,644,297,347,0,0,,,9562,616,1342,16,2993,69,4526
/home/cgumbi/methylation/sea_lion/bismark_output/locus002/alignment/37187-HCN1_S28_L001_R1_trimmed_bismark_bt2_pe.bam,6814,6482,332,0,0,,,181445,708,25209,345,57960,735,96488
/home/cgumbi/methylation/sea_lion/bismark_output/locus002/alignment/37187-HOXB9_S220_L001_R1_trimmed_bismark_bt2_pe.bam,665,628,37,0,0,,,21133,967,5083,23,3154,45,11861
/home/cgumbi/methylation/sea_lion/bismark_output/locus002/alignment/37187-HSPA2_S412_L001_R1_trimmed_bismark_bt2_pe.bam,16026,14244,1782,0,0,,,514925,52806,78028,261,42477,2444,338909
/home/cgumbi/methylation/sea_lion/bismark_output/locus002/alignment/37187-IGF2BP3_S892_L001_R1_trimmed_bismark_bt2_pe.bam,2741,1500,1241,0,0,,,50373,1912,9553,24,4518,101,34265
/home/cgumbi/methylation/sea_lion/bismark_output/locus002/alignment/37187-LOC1139_S124_L001_R1_trimmed_bismark_bt2_pe.bam,3428,291,3137,0,0,,,9577,198,2699,12,2590,79,3999
/home/cgumbi/methylation/sea_lion/bismark_output/locus002/alignment/37187-MDGA_S700_L001_R1_trimmed_bismark_bt2_pe.bam,7267,7044,223,0,0,,,302926,5408,71959,179,49098,1139,175143
/home/cgumbi/methylation/sea_lion/bismark_output/locus002/alignment/37187-OTP_S508_L001_R1_trimmed_bismark_bt2_pe.bam,547,468,79,0,0,,,12816,249,1972,29,2456,56,8054
/home/cgumbi/methylation/sea_lion/bismark_output/locus002/alignment/37187-PBX3_S316_L001_R1_trimmed_bismark_bt2_pe.bam,6129,5986,143,0,0,,,125511,10903,1055,482,47275,415,65381
/home/cgumbi/methylation/sea_lion/bismark_output/locus002/alignment/37187-POU4F1_S988_L001_R1_trimmed_bismark_bt2_pe.bam,11396,11085,311,0,0,,,143949,287,21850,332,44007,159,77314
/home/cgumbi/methylation/sea_lion/bismark_output/locus002/alignment/37187-SLC_S604_L001_R1_trimmed_bismark_bt2_pe.bam,5184,5032,152,0,0,,,256864,9564,51301,332,64985,878,129804
/home/cgumbi/methylation/sea_lion/bismark_output/locus002/alignment/37188-FOXD3_S797_L001_R1_trimmed_bismark_bt2_pe.bam,478,210,268,0,0,,,6735,408,991,18,2081,24,3213
/home/cgumbi/methylation/sea_lion/bismark_output/locus002/alignment/37188-HCN1_S29_L001_R1_trimmed_bismark_bt2_pe.bam,10198,9675,523,0,0,,,270779,1077,37589,641,86334,953,144185
/home/cgumbi/methylation/sea_lion/bismark_output/locus002/alignment/37188-HOXB9_S221_L001_R1_trimmed_bismark_bt2_pe.bam,21242,20453,789,0,0,,,689330,26901,170770,586,101614,1483,387976
/home/cgumbi/methylation/sea_lion/bismark_output/locus002/alignment/37188-HSPA2_S413_L001_R1_trimmed_bismark_bt2_pe.bam,30144,26924,3220,0,0,,,972678,90481,156147,579,80255,4193,641023
/home/cgumbi/methylation/sea_lion/bismark_output/locus002/alignment/37188-IGF2BP3_S893_L001_R1_trimmed_bismark_bt2_pe.bam,6173,3427,2746,0,0,,,114881,4408,21723,86,10247,285,78132
/home/cgumbi/methylation/sea_lion/bismark_output/locus002/alignment/37188-LOC1139_S125_L001_R1_trimmed_bismark_bt2_pe.bam,16145,14833,1312,0,0,,,488293,10026,137947,857,132096,1199,206168
/home/cgumbi/methylation/sea_lion/bismark_output/locus002/alignment/37188-MDGA_S701_L001_R1_trimmed_bismark_bt2_pe.bam,13800,13407,393,0,0,,,576338,10346,136848,237,93511,2160,333236
/home/cgumbi/methylation/sea_lion/bismark_output/locus002/alignment/37188-OTP_S509_L001_R1_trimmed_bismark_bt2_pe.bam,28259,24901,3358,0,0,,,659369,10422,100877,616,124157,2803,420494
/home/cgumbi/methylation/sea_lion/bismark_output/locus002/alignment/37188-PBX3_S317_L001_R1_trimmed_bismark_bt2_pe.bam,12437,12140,297,0,0,,,254559,21439,2828,1036,95809,1038,132409
/home/cgumbi/methylation/sea_lion/bismark_output/locus002/alignment/37188-POU4F1_S989_L001_R1_trimmed_bismark_bt2_pe.bam,30212,29262,950,0,0,,,380265,1304,57236,900,116153,450,204222
/home/cgumbi/methylation/sea_lion/bismark_output/locus002/alignment/37188-SLC_S605_L001_R1_trimmed_bismark_bt2_pe.bam,10217,9886,331,0,0,,,504351,19073,100476,695,127477,1914,254716
/home/cgumbi/methylation/sea_lion/bismark_output/locus002/alignment/37189-FOXD3_S798_L001_R1_trimmed_bismark_bt2_pe.bam,455,279,176,0,0,,,8869,489,1516,26,2828,37,3973
/home/cgumbi/methylation/sea_lion/bismark_output/locus002/alignment/37189-HCN1_S30_L001_R1_trimmed_bismark_bt2_pe.bam,7070,6639,431,0,0,,,185802,633,25902,495,59189,835,98748
/home/cgumbi/methylation/sea_lion/bismark_output/locus002/alignment/37189-HOXB9_S222_L001_R1_trimmed_bismark_bt2_pe.bam,13459,12963,496,0,0,,,437218,17877,107752,308,64447,1015,245819
/home/cgumbi/methylation/sea_lion/bismark_output/locus002/alignment/37189-HSPA2_S414_L001_R1_trimmed_bismark_bt2_pe.bam,17497,15195,2302,0,0,,,548461,43133,95661,197,45450,2577,361443
/home/cgumbi/methylation/sea_lion/bismark_output/locus002/alignment/37189-IGF2BP3_S894_L001_R1_trimmed_bismark_bt2_pe.bam,4145,2350,1795,0,0,,,78725,2975,14878,35,7027,143,53667
/home/cgumbi/methylation/sea_lion/bismark_output/locus002/alignment/37189-LOC1139_S126_L001_R1_trimmed_bismark_bt2_pe.bam,9533,8763,770,0,0,,,288540,5994,81439,615,77946,795,121751
/home/cgumbi/methylation/sea_lion/bismark_output/locus002/alignment/37189-MDGA_S702_L001_R1_trimmed_bismark_bt2_pe.bam,9032,8764,268,0,0,,,376822,5325,90895,202,61115,986,218299
/home/cgumbi/methylation/sea_lion/bismark_output/locus002/alignment/37189-OTP_S510_L001_R1_trimmed_bismark_bt2_pe.bam,18725,16409,2316,0,0,,,434455,5777,67557,400,81803,1916,277002
/home/cgumbi/methylation/sea_lion/bismark_output/locus002/alignment/37189-PBX3_S318_L001_R1_trimmed_bismark_bt2_pe.bam,8226,8043,183,0,0,,,168811,14380,1763,574,63604,651,87839
/home/cgumbi/methylation/sea_lion/bismark_output/locus002/alignment/37189-POU4F1_S990_L001_R1_trimmed_bismark_bt2_pe.bam,18851,18303,548,0,0,,,237863,433,36185,566,72637,538,127504
/home/cgumbi/methylation/sea_lion/bismark_output/locus002/alignment/37189-SLC_S606_L001_R1_trimmed_bismark_bt2_pe.bam,8083,7838,245,0,0,,,399651,12953,81582,561,101076,1572,201907
/home/cgumbi/methylation/sea_lion/bismark_output/locus002/alignment/37190-FOXD3_S799_L001_R1_trimmed_bismark_bt2_pe.bam,482,177,305,0,0,,,5728,375,782,28,1774,23,2746
/home/cgumbi/methylation/sea_lion/bismark_output/locus002/alignment/37190-HCN1_S31_L001_R1_trimmed_bismark_bt2_pe.bam,7428,7088,340,0,0,,,198368,825,27509,420,63291,670,105653
/home/cgumbi/methylation/sea_lion/bismark_output/locus002/alignment/37190-HOXB9_S223_L001_R1_trimmed_bismark_bt2_pe.bam,425,399,26,0,0,,,13526,785,3116,16,1988,35,7586
/home/cgumbi/methylation/sea_lion/bismark_output/locus002/alignment/37190-HSPA2_S415_L001_R1_trimmed_bismark_bt2_pe.bam,13070,12560,510,0,0,,,453977,41455,73889,212,37511,2446,298464
/home/cgumbi/methylation/sea_lion/bismark_output/locus002/alignment/37190-IGF2BP3_S895_L001_R1_trimmed_bismark_bt2_pe.bam,3767,2177,1590,0,0,,,72939,2705,13877,27,6547,232,49551
/home/cgumbi/methylation/sea_lion/bismark_output/locus002/alignment/37190-LOC1139_S127_L001_R1_trimmed_bismark_bt2_pe.bam,7661,7200,461,0,0,,,237100,4411,67438,315,64282,570,100084
/home/cgumbi/methylation/sea_lion/bismark_output/locus002/alignment/37190-MDGA_S703_L001_R1_trimmed_bismark_bt2_pe.bam,7125,6922,203,0,0,,,297557,5361,70635,161,48250,1005,172145
/home/cgumbi/methylation/sea_lion/bismark_output/locus002/alignment/37190-OTP_S511_L001_R1_trimmed_bismark_bt2_pe.bam,15773,14058,1715,0,0,,,372757,5273,57688,325,70297,1492,237682
/home/cgumbi/methylation/sea_lion/bismark_output/locus002/alignment/37190-PBX3_S319_L001_R1_trimmed_bismark_bt2_pe.bam,7508,7341,167,0,0,,,153991,13216,1480,517,58051,646,80081
/home/cgumbi/methylation/sea_lion/bismark_output/locus002/alignment/37190-POU4F1_S991_L001_R1_trimmed_bismark_bt2_pe.bam,13248,12869,379,0,0,,,167327,222,25553,435,51053,330,89734
/home/cgumbi/methylation/sea_lion/bismark_output/locus002/alignment/37190-SLC_S607_L001_R1_trimmed_bismark_bt2_pe.bam,10405,10095,310,0,0,,,515024,17409,104481,634,130322,1578,260600
/home/cgumbi/methylation/sea_lion/bismark_output/locus002/alignment/37191-FOXD3_S800_L001_R1_trimmed_bismark_bt2_pe.bam,503,247,256,0,0,,,7875,456,1355,27,2515,12,3510
/home/cgumbi/methylation/sea_lion/bismark_output/locus002/alignment/37191-HCN1_S32_L001_R1_trimmed_bismark_bt2_pe.bam,7516,7131,385,0,0,,,199585,1071,27440,489,63611,630,106344
/home/cgumbi/methylation/sea_lion/bismark_output/locus002/alignment/37191-HOXB9_S224_L001_R1_trimmed_bismark_bt2_pe.bam,234,197,37,0,0,,,6667,479,1437,5,999,19,3728
/home/cgumbi/methylation/sea_lion/bismark_output/locus002/alignment/37191-HSPA2_S416_L001_R1_trimmed_bismark_bt2_pe.bam,14085,10218,3867,0,0,,,369466,39992,54063,255,30486,1917,242753
/home/cgumbi/methylation/sea_lion/bismark_output/locus002/alignment/37191-IGF2BP3_S896_L001_R1_trimmed_bismark_bt2_pe.bam,3683,2025,1658,0,0,,,67912,2708,12761,41,6050,134,46218
/home/cgumbi/methylation/sea_lion/bismark_output/locus002/alignment/37191-LOC1139_S128_L001_R1_trimmed_bismark_bt2_pe.bam,8702,8048,654,0,0,,,265068,6099,74226,515,71657,668,111903
/home/cgumbi/methylation/sea_lion/bismark_output/locus002/alignment/37191-MDGA_S704_L001_R1_trimmed_bismark_bt2_pe.bam,9665,9366,299,0,0,,,402688,8374,94427,186,65330,1239,233132
/home/cgumbi/methylation/sea_lion/bismark_output/locus002/alignment/37191-OTP_S512_L001_R1_trimmed_bismark_bt2_pe.bam,16658,14756,1902,0,0,,,391495,7425,58754,278,73904,1677,249457
/home/cgumbi/methylation/sea_lion/bismark_output/locus002/alignment/37191-PBX3_S320_L001_R1_trimmed_bismark_bt2_pe.bam,7566,7366,200,0,0,,,154502,13552,1200,438,58300,614,80398
/home/cgumbi/methylation/sea_lion/bismark_output/locus002/alignment/37191-POU4F1_S992_L001_R1_trimmed_bismark_bt2_pe.bam,15026,14509,517,0,0,,,188651,407,28651,468,57581,302,101242
/home/cgumbi/methylation/sea_lion/bismark_output/locus002/alignment/37191-SLC_S608_L001_R1_trimmed_bismark_bt2_pe.bam,11820,11418,402,0,0,,,582844,23223,115015,710,147436,1835,294625
/home/cgumbi/methylation/sea_lion/bismark_output/locus002/alignment/37192-FOXD3_S801_L001_R1_trimmed_bismark_bt2_pe.bam,24480,15396,9084,0,0,,,488725,27100,81964,2681,157396,3302,216282
/home/cgumbi/methylation/sea_lion/bismark_output/locus002/alignment/37192-HCN1_S33_L001_R1_trimmed_bismark_bt2_pe.bam,11090,10537,553,0,0,,,294919,1383,40765,1067,93642,1554,156508
/home/cgumbi/methylation/sea_lion/bismark_output/locus002/alignment/37192-HOXB9_S225_L001_R1_trimmed_bismark_bt2_pe.bam,25221,24085,1136,0,0,,,812020,50846,182275,1312,119913,3728,453946
/home/cgumbi/methylation/sea_lion/bismark_output/locus002/alignment/37192-HSPA2_S417_L001_R1_trimmed_bismark_bt2_pe.bam,24249,21645,2604,0,0,,,782173,72927,125663,761,64214,6431,512177
/home/cgumbi/methylation/sea_lion/bismark_output/locus002/alignment/37192-IGF2BP3_S897_L001_R1_trimmed_bismark_bt2_pe.bam,6067,3446,2621,0,0,,,115374,4236,21823,98,10342,297,78578
/home/cgumbi/methylation/sea_lion/bismark_output/locus002/alignment/37192-LOC1139_S129_L001_R1_trimmed_bismark_bt2_pe.bam,19270,17765,1505,0,0,,,584698,12343,164823,1371,157829,2051,246281
/home/cgumbi/methylation/sea_lion/bismark_output/locus002/alignment/37192-MDGA_S705_L001_R1_trimmed_bismark_bt2_pe.bam,14300,13855,445,0,0,,,595744,12331,139807,413,96503,3339,343351
/home/cgumbi/methylation/sea_lion/bismark_output/locus002/alignment/37192-OTP_S513_L001_R1_trimmed_bismark_bt2_pe.bam,474,408,66,0,0,,,12970,332,2166,28,2723,68,7653
/home/cgumbi/methylation/sea_lion/bismark_output/locus002/alignment/37192-PBX3_S321_L001_R1_trimmed_bismark_bt2_pe.bam,13690,13345,345,0,0,,,280022,24079,2652,1291,105183,1453,145364
/home/cgumbi/methylation/sea_lion/bismark_output/locus002/alignment/37192-POU4F1_S993_L001_R1_trimmed_bismark_bt2_pe.bam,38433,37390,1043,0,0,,,486234,1229,73653,1305,148302,1675,260070
/home/cgumbi/methylation/sea_lion/bismark_output/locus002/alignment/37192-SLC_S609_L001_R1_trimmed_bismark_bt2_pe.bam,18097,17352,745,0,0,,,885391,32671,177021,1617,223524,4368,446190
/home/cgumbi/methylation/sea_lion/bismark_output/locus002/alignment/37193-FOXD3_S802_L001_R1_trimmed_bismark_bt2_pe.bam,19935,13393,6542,0,0,,,425508,25553,62178,1767,136622,2566,196822
/home/cgumbi/methylation/sea_lion/bismark_output/locus002/alignment/37193-HCN1_S34_L001_R1_trimmed_bismark_bt2_pe.bam,12265,11621,644,0,0,,,325241,1825,44638,981,103472,2076,172249
/home/cgumbi/methylation/sea_lion/bismark_output/locus002/alignment/37193-HOXB9_S226_L001_R1_trimmed_bismark_bt2_pe.bam,21207,20320,887,0,0,,,685045,39555,157015,748,101647,2998,383082
/home/cgumbi/methylation/sea_lion/bismark_output/locus002/alignment/37193-HSPA2_S418_L001_R1_trimmed_bismark_bt2_pe.bam,24115,22898,1217,0,0,,,828040,80352,130204,821,67917,5859,542887
/home/cgumbi/methylation/sea_lion/bismark_output/locus002/alignment/37193-IGF2BP3_S898_L001_R1_trimmed_bismark_bt2_pe.bam,5622,3043,2579,0,0,,,101912,3904,19283,106,9094,209,69316
/home/cgumbi/methylation/sea_lion/bismark_output/locus002/alignment/37193-LOC1139_S130_L001_R1_trimmed_bismark_bt2_pe.bam,15976,14742,1234,0,0,,,484981,10764,136175,845,131219,1796,204182
/home/cgumbi/methylation/sea_lion/bismark_output/locus002/alignment/37193-MDGA_S706_L001_R1_trimmed_bismark_bt2_pe.bam,15352,14933,419,0,0,,,642014,11837,152103,704,103791,3824,369755
/home/cgumbi/methylation/sea_lion/bismark_output/locus002/alignment/37193-OTP_S514_L001_R1_trimmed_bismark_bt2_pe.bam,31873,27976,3897,0,0,,,741344,12574,112645,878,139498,3659,472090
/home/cgumbi/methylation/sea_lion/bismark_output/locus002/alignment/37193-PBX3_S322_L001_R1_trimmed_bismark_bt2_pe.bam,11465,11191,274,0,0,,,234785,20228,2187,1072,88205,1079,122014
/home/cgumbi/methylation/sea_lion/bismark_output/locus002/alignment/37193-POU4F1_S994_L001_R1_trimmed_bismark_bt2_pe.bam,26324,25608,716,0,0,,,332906,1182,50090,879,101556,964,178235
/home/cgumbi/methylation/sea_lion/bismark_output/locus002/alignment/37193-SLC_S610_L001_R1_trimmed_bismark_bt2_pe.bam,15847,15388,459,0,0,,,785469,30568,155619,1238,198386,3663,395995
/home/cgumbi/methylation/sea_lion/bismark_output/locus002/alignment/37194-FOXD3_S803_L001_R1_trimmed_bismark_bt2_pe.bam,15382,9565,5817,0,0,,,304767,19808,43556,1128,96347,1773,142155
/home/cgumbi/methylation/sea_lion/bismark_output/locus002/alignment/37194-HCN1_S35_L001_R1_trimmed_bismark_bt2_pe.bam,8056,7706,350,0,0,,,215695,1018,29826,725,68500,1237,114389
/home/cgumbi/methylation/sea_lion/bismark_output/locus002/alignment/37194-HOXB9_S227_L001_R1_trimmed_bismark_bt2_pe.bam,14784,14169,615,0,0,,,477415,19326,117476,652,70643,1778,267540
/home/cgumbi/methylation/sea_lion/bismark_output/locus002/alignment/37194-HSPA2_S419_L001_R1_trimmed_bismark_bt2_pe.bam,17786,15924,1862,0,0,,,575996,58645,88092,433,47382,4280,377164
/home/cgumbi/methylation/sea_lion/bismark_output/locus002/alignment/37194-IGF2BP3_S899_L001_R1_trimmed_bismark_bt2_pe.bam,4349,2382,1967,0,0,,,79824,3221,14954,37,7147,178,54287
/home/cgumbi/methylation/sea_lion/bismark_output/locus002/alignment/37194-LOC1139_S131_L001_R1_trimmed_bismark_bt2_pe.bam,11381,10483,898,0,0,,,345111,6245,98332,572,93391,1233,145338
/home/cgumbi/methylation/sea_lion/bismark_output/locus002/alignment/37194-MDGA_S707_L001_R1_trimmed_bismark_bt2_pe.bam,9312,9027,285,0,0,,,388180,7040,92081,285,62874,2110,223790
/home/cgumbi/methylation/sea_lion/bismark_output/locus002/alignment/37194-OTP_S515_L001_R1_trimmed_bismark_bt2_pe.bam,22528,19854,2674,0,0,,,525422,7407,81285,579,98799,2741,334611
/home/cgumbi/methylation/sea_lion/bismark_output/locus002/alignment/37194-PBX3_S323_L001_R1_trimmed_bismark_bt2_pe.bam,9253,9013,240,0,0,,,189212,15380,2729,934,70975,943,98251
/home/cgumbi/methylation/sea_lion/bismark_output/locus002/alignment/37194-POU4F1_S995_L001_R1_trimmed_bismark_bt2_pe.bam,20833,20237,596,0,0,,,263079,762,39777,981,79985,477,141097
/home/cgumbi/methylation/sea_lion/bismark_output/locus002/alignment/37194-SLC_S611_L001_R1_trimmed_bismark_bt2_pe.bam,6228,6043,185,0,0,,,308062,9688,63155,563,77783,1392,155481
/home/cgumbi/methylation/sea_lion/bismark_output/locus002/alignment/37195-FOXD3_S804_L001_R1_trimmed_bismark_bt2_pe.bam,16174,10470,5704,0,0,,,332174,19221,53091,1459,107450,1812,149141
/home/cgumbi/methylation/sea_lion/bismark_output/locus002/alignment/37195-HCN1_S36_L001_R1_trimmed_bismark_bt2_pe.bam,8328,7898,430,0,0,,,220990,1283,30287,660,70313,1061,117386
/home/cgumbi/methylation/sea_lion/bismark_output/locus002/alignment/37195-HOXB9_S228_L001_R1_trimmed_bismark_bt2_pe.bam,18534,17814,720,0,0,,,600284,23165,148893,435,89236,1757,336798
/home/cgumbi/methylation/sea_lion/bismark_output/locus002/alignment/37195-HSPA2_S420_L001_R1_trimmed_bismark_bt2_pe.bam,21535,19495,2040,0,0,,,705581,80553,99451,549,57941,4163,462924
/home/cgumbi/methylation/sea_lion/bismark_output/locus002/alignment/37195-IGF2BP3_S900_L001_R1_trimmed_bismark_bt2_pe.bam,3995,2127,1868,0,0,,,71283,2874,13330,61,6361,198,48459
/home/cgumbi/methylation/sea_lion/bismark_output/locus002/alignment/37195-LOC1139_S132_L001_R1_trimmed_bismark_bt2_pe.bam,11995,11031,964,0,0,,,363166,9169,100896,674,98212,1170,153045
/home/cgumbi/methylation/sea_lion/bismark_output/locus002/alignment/37195-MDGA_S708_L001_R1_trimmed_bismark_bt2_pe.bam,8844,8542,302,0,0,,,367221,8027,85758,333,59419,2095,211589
/home/cgumbi/methylation/sea_lion/bismark_output/locus002/alignment/37195-OTP_S516_L001_R1_trimmed_bismark_bt2_pe.bam,25910,22742,3168,0,0,,,602715,12307,89696,904,113120,3216,383472
/home/cgumbi/methylation/sea_lion/bismark_output/locus002/alignment/37195-PBX3_S324_L001_R1_trimmed_bismark_bt2_pe.bam,8590,8347,243,0,0,,,175076,14772,1952,985,65579,1018,90770
/home/cgumbi/methylation/sea_lion/bismark_output/locus002/alignment/37195-POU4F1_S996_L001_R1_trimmed_bismark_bt2_pe.bam,20053,19495,558,0,0,,,253463,405,38644,888,77107,571,135848
/home/cgumbi/methylation/sea_lion/bismark_output/locus002/alignment/37195-SLC_S612_L001_R1_trimmed_bismark_bt2_pe.bam,9591,9294,297,0,0,,,474431,20499,92182,888,119595,2380,238887
/home/cgumbi/methylation/sea_lion/bismark_output/locus002/alignment/37196-FOXD3_S805_L001_R1_trimmed_bismark_bt2_pe.bam,26659,17044,9615,0,0,,,542507,33500,78512,2278,172942,2888,252387
/home/cgumbi/methylation/sea_lion/bismark_output/locus002/alignment/37196-HCN1_S37_L001_R1_trimmed_bismark_bt2_pe.bam,10419,9857,562,0,0,,,275922,1173,38260,674,87923,1210,146682
/home/cgumbi/methylation/sea_lion/bismark_output/locus002/alignment/37196-HOXB9_S229_L001_R1_trimmed_bismark_bt2_pe.bam,23127,22183,944,0,0,,,747647,39912,174388,946,110939,2893,418569
/home/cgumbi/methylation/sea_lion/bismark_output/locus002/alignment/37196-HSPA2_S421_L001_R1_trimmed_bismark_bt2_pe.bam,27631,24767,2864,0,0,,,896207,89127,139288,751,73583,5816,587642
/home/cgumbi/methylation/sea_lion/bismark_output/locus002/alignment/37196-IGF2BP3_S901_L001_R1_trimmed_bismark_bt2_pe.bam,6673,3796,2877,0,0,,,126896,4834,23858,86,11358,254,86506
/home/cgumbi/methylation/sea_lion/bismark_output/locus002/alignment/37196-LOC1139_S133_L001_R1_trimmed_bismark_bt2_pe.bam,16709,15439,1270,0,0,,,507897,10202,143704,856,137410,1691,214034
/home/cgumbi/methylation/sea_lion/bismark_output/locus002/alignment/37196-MDGA_S709_L001_R1_trimmed_bismark_bt2_pe.bam,13377,12974,403,0,0,,,557815,10977,131466,472,90290,2660,321950
/home/cgumbi/methylation/sea_lion/bismark_output/locus002/alignment/37196-OTP_S517_L001_R1_trimmed_bismark_bt2_pe.bam,30986,27612,3374,0,0,,,731049,12306,110988,1024,137323,4013,465395
/home/cgumbi/methylation/sea_lion/bismark_output/locus002/alignment/37196-PBX3_S325_L001_R1_trimmed_bismark_bt2_pe.bam,11273,11014,259,0,0,,,231120,19964,2104,886,87040,1324,119802
/home/cgumbi/methylation/sea_lion/bismark_output/locus002/alignment/37196-POU4F1_S997_L001_R1_trimmed_bismark_bt2_pe.bam,30822,29948,874,0,0,,,389388,1067,58914,1280,118522,718,208887
/home/cgumbi/methylation/sea_lion/bismark_output/locus002/alignment/37196-SLC_S613_L001_R1_trimmed_bismark_bt2_pe.bam,11297,10959,338,0,0,,,559067,20248,112171,897,141230,2615,281906
/home/cgumbi/methylation/sea_lion/bismark_output/locus002/alignment/37197-FOXD3_S806_L001_R1_trimmed_bismark_bt2_pe.bam,19341,12067,7274,0,0,,,383936,22719,59252,1649,123095,2162,175059
/home/cgumbi/methylation/sea_lion/bismark_output/locus002/alignment/37197-HCN1_S38_L001_R1_trimmed_bismark_bt2_pe.bam,10268,9766,502,0,0,,,273345,1398,37646,988,86817,1176,145320
/home/cgumbi/methylation/sea_lion/bismark_output/locus002/alignment/37197-HOXB9_S230_L001_R1_trimmed_bismark_bt2_pe.bam,18201,17437,764,0,0,,,588783,40446,129286,773,87031,2325,328922
/home/cgumbi/methylation/sea_lion/bismark_output/locus002/alignment/37197-HSPA2_S422_L001_R1_trimmed_bismark_bt2_pe.bam,25643,21755,3888,0,0,,,786602,79174,120911,548,64781,4738,516450
/home/cgumbi/methylation/sea_lion/bismark_output/locus002/alignment/37197-IGF2BP3_S902_L001_R1_trimmed_bismark_bt2_pe.bam,6342,3641,2701,0,0,,,122108,4671,23055,116,10868,340,83058
/home/cgumbi/methylation/sea_lion/bismark_output/locus002/alignment/37197-LOC1139_S134_L001_R1_trimmed_bismark_bt2_pe.bam,15076,13853,1223,0,0,,,455893,10762,127359,1122,122955,1556,192139
/home/cgumbi/methylation/sea_lion/bismark_output/locus002/alignment/37197-MDGA_S710_L001_R1_trimmed_bismark_bt2_pe.bam,11129,10829,300,0,0,,,465668,9073,109865,317,75426,2492,268495
/home/cgumbi/methylation/sea_lion/bismark_output/locus002/alignment/37197-OTP_S518_L001_R1_trimmed_bismark_bt2_pe.bam,28192,24981,3211,0,0,,,661278,12380,99194,870,124254,3681,420899
/home/cgumbi/methylation/sea_lion/bismark_output/locus002/alignment/37197-PBX3_S326_L001_R1_trimmed_bismark_bt2_pe.bam,11332,11117,215,0,0,,,233207,20498,1760,1143,87531,893,121382
/home/cgumbi/methylation/sea_lion/bismark_output/locus002/alignment/37197-POU4F1_S998_L001_R1_trimmed_bismark_bt2_pe.bam,23913,23286,627,0,0,,,302756,569,46064,1040,92139,490,162454
/home/cgumbi/methylation/sea_lion/bismark_output/locus002/alignment/37197-SLC_S614_L001_R1_trimmed_bismark_bt2_pe.bam,8429,8166,263,0,0,,,416516,15580,83086,727,105152,1844,210127
/home/cgumbi/methylation/sea_lion/bismark_output/locus002/alignment/37198-FOXD3_S807_L001_R1_trimmed_bismark_bt2_pe.bam,5603,178,5425,0,0,,,5695,245,1371,14,1698,17,2350
/home/cgumbi/methylation/sea_lion/bismark_output/locus002/alignment/37198-HCN1_S39_L001_R1_trimmed_bismark_bt2_pe.bam,10345,9905,440,0,0,,,277228,1650,37945,1084,87968,1359,147222
/home/cgumbi/methylation/sea_lion/bismark_output/locus002/alignment/37198-HOXB9_S231_L001_R1_trimmed_bismark_bt2_pe.bam,18843,18108,735,0,0,,,610937,37339,138479,814,89674,2444,342187
/home/cgumbi/methylation/sea_lion/bismark_output/locus002/alignment/37198-HSPA2_S423_L001_R1_trimmed_bismark_bt2_pe.bam,16052,15508,544,0,0,,,560607,50087,92160,453,46111,3833,367963
/home/cgumbi/methylation/sea_lion/bismark_output/locus002/alignment/37198-IGF2BP3_S903_L001_R1_trimmed_bismark_bt2_pe.bam,5629,27,5602,0,0,,,952,32,196,1,117,4,602
/home/cgumbi/methylation/sea_lion/bismark_output/locus002/alignment/37198-LOC1139_S135_L001_R1_trimmed_bismark_bt2_pe.bam,5568,104,5464,0,0,,,3455,71,971,5,919,16,1473
/home/cgumbi/methylation/sea_lion/bismark_output/locus002/alignment/37198-MDGA_S711_L001_R1_trimmed_bismark_bt2_pe.bam,4599,4457,142,0,0,,,191634,3331,45636,132,31045,942,110548
/home/cgumbi/methylation/sea_lion/bismark_output/locus002/alignment/37198-OTP_S519_L001_R1_trimmed_bismark_bt2_pe.bam,19197,16567,2630,0,0,,,438244,9018,64540,71,82994,2081,279540
/home/cgumbi/methylation/sea_lion/bismark_output/locus002/alignment/37198-PBX3_S327_L001_R1_trimmed_bismark_bt2_pe.bam,10112,9900,212,0,0,,,207703,16530,3292,985,78011,858,108027
/home/cgumbi/methylation/sea_lion/bismark_output/locus002/alignment/37198-POU4F1_S999_L001_R1_trimmed_bismark_bt2_pe.bam,7715,188,7527,0,0,,,2549,16,395,14,741,9,1374
/home/cgumbi/methylation/sea_lion/bismark_output/locus002/alignment/37198-SLC_S615_L001_R1_trimmed_bismark_bt2_pe.bam,7222,7029,193,0,0,,,358677,12709,72258,573,90586,1652,180899
/home/cgumbi/methylation/sea_lion/bismark_output/locus002/alignment/37199-FOXD3_S808_L001_R1_trimmed_bismark_bt2_pe.bam,22721,15162,7559,0,0,,,481001,27238,74080,2065,155633,2384,219601
/home/cgumbi/methylation/sea_lion/bismark_output/locus002/alignment/37199-HCN1_S40_L001_R1_trimmed_bismark_bt2_pe.bam,9969,9501,468,0,0,,,266130,1588,36476,856,84561,1299,141350
/home/cgumbi/methylation/sea_lion/bismark_output/locus002/alignment/37199-HOXB9_S232_L001_R1_trimmed_bismark_bt2_pe.bam,18213,17495,718,0,0,,,590094,37465,132070,821,87529,1765,330444
/home/cgumbi/methylation/sea_lion/bismark_output/locus002/alignment/37199-HSPA2_S424_L001_R1_trimmed_bismark_bt2_pe.bam,22326,19217,3109,0,0,,,694496,68656,107636,317,57394,4161,456332
/home/cgumbi/methylation/sea_lion/bismark_output/locus002/alignment/37199-IGF2BP3_S904_L001_R1_trimmed_bismark_bt2_pe.bam,4794,2685,2109,0,0,,,89915,3543,16844,67,8034,242,61185
/home/cgumbi/methylation/sea_lion/bismark_output/locus002/alignment/37199-LOC1139_S136_L001_R1_trimmed_bismark_bt2_pe.bam,14767,13813,954,0,0,,,455003,9881,128007,702,123255,1465,191693
/home/cgumbi/methylation/sea_lion/bismark_output/locus002/alignment/37199-MDGA_S712_L001_R1_trimmed_bismark_bt2_pe.bam,12438,12073,365,0,0,,,519177,10121,122487,464,83992,2314,299799
/home/cgumbi/methylation/sea_lion/bismark_output/locus002/alignment/37199-OTP_S520_L001_R1_trimmed_bismark_bt2_pe.bam,379,310,69,0,0,,,10461,314,1783,14,2261,58,6031
/home/cgumbi/methylation/sea_lion/bismark_output/locus002/alignment/37199-PBX3_S328_L001_R1_trimmed_bismark_bt2_pe.bam,9831,9623,208,0,0,,,201922,17203,2093,950,75813,850,105013
/home/cgumbi/methylation/sea_lion/bismark_output/locus002/alignment/37199-POU4F1_S1000_L001_R1_trimmed_bismark_bt2_pe.bam,23407,22830,577,0,0,,,296936,778,44985,772,90585,760,159056
/home/cgumbi/methylation/sea_lion/bismark_output/locus002/alignment/37199-SLC_S616_L001_R1_trimmed_bismark_bt2_pe.bam,17351,16855,496,0,0,,,860956,35622,168735,1527,217251,4027,433794
/home/cgumbi/methylation/sea_lion/bismark_output/locus002/alignment/37200-FOXD3_S809_L001_R1_trimmed_bismark_bt2_pe.bam,34660,21196,13464,0,0,,,674966,38926,110842,2452,217214,3364,302168
/home/cgumbi/methylation/sea_lion/bismark_output/locus002/alignment/37200-HCN1_S41_L001_R1_trimmed_bismark_bt2_pe.bam,15191,14385,806,0,0,,,402748,1614,55943,944,128423,1931,213893
/home/cgumbi/methylation/sea_lion/bismark_output/locus002/alignment/37200-HOXB9_S233_L001_R1_trimmed_bismark_bt2_pe.bam,918,731,187,0,0,,,24107,1493,4874,50,4915,74,12701
/home/cgumbi/methylation/sea_lion/bismark_output/locus002/alignment/37200-HSPA2_S425_L001_R1_trimmed_bismark_bt2_pe.bam,581,517,64,0,0,,,18765,1751,3010,8,1682,123,12191
/home/cgumbi/methylation/sea_lion/bismark_output/locus002/alignment/37200-IGF2BP3_S905_L001_R1_trimmed_bismark_bt2_pe.bam,10982,6232,4750,0,0,,,208669,8264,39018,102,18660,494,142131
/home/cgumbi/methylation/sea_lion/bismark_output/locus002/alignment/37200-LOC1139_S137_L001_R1_trimmed_bismark_bt2_pe.bam,21430,19690,1740,0,0,,,648435,14376,182144,1113,175497,1602,273703
/home/cgumbi/methylation/sea_lion/bismark_output/locus002/alignment/37200-MDGA_S713_L001_R1_trimmed_bismark_bt2_pe.bam,18462,17976,486,0,0,,,773062,14242,183196,368,125412,3185,446659
/home/cgumbi/methylation/sea_lion/bismark_output/locus002/alignment/37200-OTP_S521_L001_R1_trimmed_bismark_bt2_pe.bam,4970,286,4684,0,0,,,10986,331,2009,15,2529,42,6060
/home/cgumbi/methylation/sea_lion/bismark_output/locus002/alignment/37200-PBX3_S329_L001_R1_trimmed_bismark_bt2_pe.bam,14430,14031,399,0,0,,,294371,25406,2704,1034,110915,987,153325
/home/cgumbi/methylation/sea_lion/bismark_output/locus002/alignment/37200-POU4F1_S1001_L001_R1_trimmed_bismark_bt2_pe.bam,38723,37658,1065,0,0,,,489429,793,74575,1511,149162,1103,262285
/home/cgumbi/methylation/sea_lion/bismark_output/locus002/alignment/37200-SLC_S617_L001_R1_trimmed_bismark_bt2_pe.bam,25889,24994,895,0,0,,,1275578,44921,257168,1844,322536,5309,643800
/home/cgumbi/methylation/sea_lion/bismark_output/locus002/alignment/37201-FOXD3_S810_L001_R1_trimmed_bismark_bt2_pe.bam,21101,13639,7462,0,0,,,432857,24018,68823,1647,140075,1715,196579
/home/cgumbi/methylation/sea_lion/bismark_output/locus002/alignment/37201-HCN1_S42_L001_R1_trimmed_bismark_bt2_pe.bam,12015,11350,665,0,0,,,317630,1695,43665,912,101145,1352,168861
/home/cgumbi/methylation/sea_lion/bismark_output/locus002/alignment/37201-HOXB9_S234_L001_R1_trimmed_bismark_bt2_pe.bam,19808,19008,800,0,0,,,640413,36668,146738,410,95533,1768,359296
/home/cgumbi/methylation/sea_lion/bismark_output/locus002/alignment/37201-HSPA2_S426_L001_R1_trimmed_bismark_bt2_pe.bam,25082,23397,1685,0,0,,,846316,85922,129425,159,70122,4243,556445
/home/cgumbi/methylation/sea_lion/bismark_output/locus002/alignment/37201-IGF2BP3_S906_L001_R1_trimmed_bismark_bt2_pe.bam,7679,4316,3363,0,0,,,144603,5594,27181,83,12980,472,98293
/home/cgumbi/methylation/sea_lion/bismark_output/locus002/alignment/37201-LOC1139_S138_L001_R1_trimmed_bismark_bt2_pe.bam,15586,14319,1267,0,0,,,471391,10691,132157,781,127575,1311,198876
/home/cgumbi/methylation/sea_lion/bismark_output/locus002/alignment/37201-MDGA_S714_L001_R1_trimmed_bismark_bt2_pe.bam,12482,12116,366,0,0,,,521036,10591,122498,254,84486,2195,301012
/home/cgumbi/methylation/sea_lion/bismark_output/locus002/alignment/37201-OTP_S522_L001_R1_trimmed_bismark_bt2_pe.bam,34014,29953,4061,0,0,,,793845,13127,121014,958,149320,3412,506014
/home/cgumbi/methylation/sea_lion/bismark_output/locus002/alignment/37201-PBX3_S330_L001_R1_trimmed_bismark_bt2_pe.bam,11531,11272,259,0,0,,,236417,20206,2334,1086,88848,1095,122848
/home/cgumbi/methylation/sea_lion/bismark_output/locus002/alignment/37201-POU4F1_S1002_L001_R1_trimmed_bismark_bt2_pe.bam,23593,22848,745,0,0,,,297077,970,44806,506,90908,639,159248
/home/cgumbi/methylation/sea_lion/bismark_output/locus002/alignment/37201-SLC_S618_L001_R1_trimmed_bismark_bt2_pe.bam,15717,15142,575,0,0,,,772379,27936,154892,945,195479,3014,390113
/home/cgumbi/methylation/sea_lion/bismark_output/locus002/alignment/37202-FOXD3_S811_L001_R1_trimmed_bismark_bt2_pe.bam,6639,30,6609,0,0,,,1054,57,176,5,264,4,548
/home/cgumbi/methylation/sea_lion/bismark_output/locus002/alignment/37202-HCN1_S43_L001_R1_trimmed_bismark_bt2_pe.bam,15151,14372,779,0,0,,,402382,1158,56345,1007,128234,1952,213686
/home/cgumbi/methylation/sea_lion/bismark_output/locus002/alignment/37202-HOXB9_S235_L001_R1_trimmed_bismark_bt2_pe.bam,21788,20914,874,0,0,,,705980,42535,160903,492,103975,1834,396241
/home/cgumbi/methylation/sea_lion/bismark_output/locus002/alignment/37202-HSPA2_S427_L001_R1_trimmed_bismark_bt2_pe.bam,28013,25494,2519,0,0,,,922299,89544,145204,627,75906,4700,606318
/home/cgumbi/methylation/sea_lion/bismark_output/locus002/alignment/37202-IGF2BP3_S907_L001_R1_trimmed_bismark_bt2_pe.bam,2953,1605,1348,0,0,,,53745,1847,10350,8,4854,55,36631
/home/cgumbi/methylation/sea_lion/bismark_output/locus002/alignment/37202-LOC1139_S139_L001_R1_trimmed_bismark_bt2_pe.bam,4005,82,3923,0,0,,,2719,80,718,1,714,15,1191
/home/cgumbi/methylation/sea_lion/bismark_output/locus002/alignment/37202-MDGA_S715_L001_R1_trimmed_bismark_bt2_pe.bam,11903,11525,378,0,0,,,495572,10752,115793,355,80261,2029,286382
/home/cgumbi/methylation/sea_lion/bismark_output/locus002/alignment/37202-OTP_S523_L001_R1_trimmed_bismark_bt2_pe.bam,12007,139,11868,0,0,,,5412,162,991,6,1263,32,2958
/home/cgumbi/methylation/sea_lion/bismark_output/locus002/alignment/37202-PBX3_S331_L001_R1_trimmed_bismark_bt2_pe.bam,12487,12206,281,0,0,,,255932,21466,2913,1026,96350,1756,132421
/home/cgumbi/methylation/sea_lion/bismark_output/locus002/alignment/37202-POU4F1_S1003_L001_R1_trimmed_bismark_bt2_pe.bam,18138,235,17903,0,0,,,3365,29,530,10,972,7,1817
/home/cgumbi/methylation/sea_lion/bismark_output/locus002/alignment/37202-SLC_S619_L001_R1_trimmed_bismark_bt2_pe.bam,18142,17634,508,0,0,,,900496,37128,176511,1314,227503,3676,454364
/home/cgumbi/methylation/sea_lion/bismark_output/locus002/alignment/37203-FOXD3_S812_L001_R1_trimmed_bismark_bt2_pe.bam,24010,15491,8519,0,0,,,493342,30132,70757,1914,157257,2190,231092
/home/cgumbi/methylation/sea_lion/bismark_output/locus002/alignment/37203-HCN1_S44_L001_R1_trimmed_bismark_bt2_pe.bam,12583,11971,612,0,0,,,335051,923,46912,736,106897,1353,178230
/home/cgumbi/methylation/sea_lion/bismark_output/locus002/alignment/37203-HOXB9_S236_L001_R1_trimmed_bismark_bt2_pe.bam,848,719,129,0,0,,,24018,1363,5254,30,4198,73,13100
/home/cgumbi/methylation/sea_lion/bismark_output/locus002/alignment/37203-HSPA2_S428_L001_R1_trimmed_bismark_bt2_pe.bam,23999,22001,1998,0,0,,,795282,69014,132991,575,65481,3426,523795
/home/cgumbi/methylation/sea_lion/bismark_output/locus002/alignment/37203-IGF2BP3_S908_L001_R1_trimmed_bismark_bt2_pe.bam,8062,4560,3502,0,0,,,152671,5501,29152,109,13583,307,104019
/home/cgumbi/methylation/sea_lion/bismark_output/locus002/alignment/37203-LOC1139_S140_L001_R1_trimmed_bismark_bt2_pe.bam,16894,15724,1170,0,0,,,517711,9984,146896,807,140190,1404,218430
/home/cgumbi/methylation/sea_lion/bismark_output/locus002/alignment/37203-MDGA_S716_L001_R1_trimmed_bismark_bt2_pe.bam,13197,12822,375,0,0,,,551377,9097,131688,289,89420,1855,319028
/home/cgumbi/methylation/sea_lion/bismark_output/locus002/alignment/37203-OTP_S524_L001_R1_trimmed_bismark_bt2_pe.bam,36936,32694,4242,0,0,,,864822,11677,133989,880,162716,3237,552323
/home/cgumbi/methylation/sea_lion/bismark_output/locus002/alignment/37203-PBX3_S332_L001_R1_trimmed_bismark_bt2_pe.bam,9142,8918,224,0,0,,,187067,15520,2317,710,70462,665,97393
/home/cgumbi/methylation/sea_lion/bismark_output/locus002/alignment/37203-POU4F1_S1004_L001_R1_trimmed_bismark_bt2_pe.bam,36438,35562,876,0,0,,,462131,475,70679,1383,140869,823,247902
/home/cgumbi/methylation/sea_lion/bismark_output/locus002/alignment/37203-SLC_S620_L001_R1_trimmed_bismark_bt2_pe.bam,6232,6050,182,0,0,,,308218,9787,63089,382,77977,1074,155909
/home/cgumbi/methylation/sea_lion/bismark_output/locus002/alignment/37204-FOXD3_S813_L001_R1_trimmed_bismark_bt2_pe.bam,6971,4243,2728,0,0,,,135470,7613,21034,485,43611,558,62169
/home/cgumbi/methylation/sea_lion/bismark_output/locus002/alignment/37204-HCN1_S45_L001_R1_trimmed_bismark_bt2_pe.bam,4013,3815,198,0,0,,,106821,313,14946,242,34066,366,56888
/home/cgumbi/methylation/sea_lion/bismark_output/locus002/alignment/37204-HOXB9_S237_L001_R1_trimmed_bismark_bt2_pe.bam,146,110,36,0,0,,,3682,288,661,2,783,12,1936
/home/cgumbi/methylation/sea_lion/bismark_output/locus002/alignment/37204-HSPA2_S429_L001_R1_trimmed_bismark_bt2_pe.bam,5249,4523,726,0,0,,,163306,14135,27301,86,13498,701,107585
/home/cgumbi/methylation/sea_lion/bismark_output/locus002/alignment/37204-IGF2BP3_S909_L001_R1_trimmed_bismark_bt2_pe.bam,1153,615,538,0,0,,,20616,809,3891,12,1846,54,14004
/home/cgumbi/methylation/sea_lion/bismark_output/locus002/alignment/37204-LOC1139_S141_L001_R1_trimmed_bismark_bt2_pe.bam,2061,1885,176,0,0,,,61992,1174,17595,104,16775,171,26173
/home/cgumbi/methylation/sea_lion/bismark_output/locus002/alignment/37204-MDGA_S717_L001_R1_trimmed_bismark_bt2_pe.bam,2675,2579,96,0,0,,,110892,1829,26487,53,17997,388,64138
/home/cgumbi/methylation/sea_lion/bismark_output/locus002/alignment/37204-OTP_S525_L001_R1_trimmed_bismark_bt2_pe.bam,4171,3659,512,0,0,,,97061,1362,15059,70,18315,395,61860
/home/cgumbi/methylation/sea_lion/bismark_output/locus002/alignment/37204-PBX3_S333_L001_R1_trimmed_bismark_bt2_pe.bam,4542,4419,123,0,0,,,92656,7906,916,317,34935,390,48192
/home/cgumbi/methylation/sea_lion/bismark_output/locus002/alignment/37204-POU4F1_S1005_L001_R1_trimmed_bismark_bt2_pe.bam,6333,6161,172,0,0,,,80006,91,12224,184,24441,123,42943
/home/cgumbi/methylation/sea_lion/bismark_output/locus002/alignment/37204-SLC_S621_L001_R1_trimmed_bismark_bt2_pe.bam,2664,2566,98,0,0,,,130798,3893,27020,168,33110,461,66146
/home/cgumbi/methylation/sea_lion/bismark_output/locus002/alignment/37205-FOXD3_S814_L001_R1_trimmed_bismark_bt2_pe.bam,6640,4237,2403,0,0,,,134622,8027,20394,490,43259,566,61886
/home/cgumbi/methylation/sea_lion/bismark_output/locus002/alignment/37205-HCN1_S46_L001_R1_trimmed_bismark_bt2_pe.bam,8444,8034,410,0,0,,,224896,758,31378,580,71642,1029,119509
/home/cgumbi/methylation/sea_lion/bismark_output/locus002/alignment/37205-HOXB9_S238_L001_R1_trimmed_bismark_bt2_pe.bam,12368,11899,469,0,0,,,402228,36931,79277,342,59333,1239,225106
/home/cgumbi/methylation/sea_lion/bismark_output/locus002/alignment/37205-HSPA2_S430_L001_R1_trimmed_bismark_bt2_pe.bam,14701,13327,1374,0,0,,,481894,47031,75475,343,39653,2522,316870
/home/cgumbi/methylation/sea_lion/bismark_output/locus002/alignment/37205-IGF2BP3_S910_L001_R1_trimmed_bismark_bt2_pe.bam,5563,3154,2409,0,0,,,105519,3940,19946,40,9433,186,71974
/home/cgumbi/methylation/sea_lion/bismark_output/locus002/alignment/37205-LOC1139_S142_L001_R1_trimmed_bismark_bt2_pe.bam,9760,9066,694,0,0,,,298461,6212,84223,465,80812,759,125990
/home/cgumbi/methylation/sea_lion/bismark_output/locus002/alignment/37205-MDGA_S718_L001_R1_trimmed_bismark_bt2_pe.bam,9934,9663,271,0,0,,,415462,8162,97939,187,67422,1660,240092
/home/cgumbi/methylation/sea_lion/bismark_output/locus002/alignment/37205-OTP_S526_L001_R1_trimmed_bismark_bt2_pe.bam,20265,18081,2184,0,0,,,478264,7539,73019,379,90087,1634,305606
/home/cgumbi/methylation/sea_lion/bismark_output/locus002/alignment/37205-PBX3_S334_L001_R1_trimmed_bismark_bt2_pe.bam,8232,8036,196,0,0,,,168507,14077,1990,647,63464,765,87564
/home/cgumbi/methylation/sea_lion/bismark_output/locus002/alignment/37205-POU4F1_S1006_L001_R1_trimmed_bismark_bt2_pe.bam,12942,12607,335,0,0,,,163985,213,25069,456,49996,213,88038
/home/cgumbi/methylation/sea_lion/bismark_output/locus002/alignment/37205-SLC_S622_L001_R1_trimmed_bismark_bt2_pe.bam,4214,2206,2008,0,0,,,112293,3854,22786,173,28336,788,56356
/home/cgumbi/methylation/sea_lion/bismark_output/locus002/alignment/37206-FOXD3_S815_L001_R1_trimmed_bismark_bt2_pe.bam,23969,15218,8751,0,0,,,482444,24820,82860,1716,157443,1788,213817
/home/cgumbi/methylation/sea_lion/bismark_output/locus002/alignment/37206-HCN1_S47_L001_R1_trimmed_bismark_bt2_pe.bam,11563,10997,566,0,0,,,307849,1227,42739,677,98205,1300,163701
/home/cgumbi/methylation/sea_lion/bismark_output/locus002/alignment/37206-HOXB9_S239_L001_R1_trimmed_bismark_bt2_pe.bam,16156,15486,670,0,0,,,521799,29586,120090,691,77543,1668,292221
/home/cgumbi/methylation/sea_lion/bismark_output/locus002/alignment/37206-HSPA2_S431_L001_R1_trimmed_bismark_bt2_pe.bam,306,253,53,0,0,,,8999,628,1620,2,873,38,5838
/home/cgumbi/methylation/sea_lion/bismark_output/locus002/alignment/37206-IGF2BP3_S911_L001_R1_trimmed_bismark_bt2_pe.bam,7133,3981,3152,0,0,,,133262,4783,25413,127,11846,338,90755
/home/cgumbi/methylation/sea_lion/bismark_output/locus002/alignment/37206-LOC1139_S143_L001_R1_trimmed_bismark_bt2_pe.bam,15349,14093,1256,0,0,,,464035,8727,131872,656,125714,1240,195826
/home/cgumbi/methylation/sea_lion/bismark_output/locus002/alignment/37206-MDGA_S719_L001_R1_trimmed_bismark_bt2_pe.bam,14838,14393,445,0,0,,,618922,9653,148369,279,100401,2166,358054
/home/cgumbi/methylation/sea_lion/bismark_output/locus002/alignment/37206-OTP_S527_L001_R1_trimmed_bismark_bt2_pe.bam,27842,24368,3474,0,0,,,645886,9202,99906,592,121704,3263,411219
/home/cgumbi/methylation/sea_lion/bismark_output/locus002/alignment/37206-PBX3_S335_L001_R1_trimmed_bismark_bt2_pe.bam,8517,8319,198,0,0,,,174654,14773,1925,609,65792,788,90767
/home/cgumbi/methylation/sea_lion/bismark_output/locus002/alignment/37206-POU4F1_S1007_L001_R1_trimmed_bismark_bt2_pe.bam,24423,23788,635,0,0,,,309331,602,47063,1372,93779,554,165961
/home/cgumbi/methylation/sea_lion/bismark_output/locus002/alignment/37206-SLC_S623_L001_R1_trimmed_bismark_bt2_pe.bam,15882,15411,471,0,0,,,786216,26638,159483,992,198956,2719,397428
/home/cgumbi/methylation/sea_lion/bismark_output/locus002/alignment/37207-FOXD3_S816_L001_R1_trimmed_bismark_bt2_pe.bam,12402,7863,4539,0,0,,,249686,14770,38850,808,80308,963,113987
/home/cgumbi/methylation/sea_lion/bismark_output/locus002/alignment/37207-HCN1_S48_L001_R1_trimmed_bismark_bt2_pe.bam,6508,6206,302,0,0,,,173662,676,24108,464,55329,830,92255
/home/cgumbi/methylation/sea_lion/bismark_output/locus002/alignment/37207-HOXB9_S240_L001_R1_trimmed_bismark_bt2_pe.bam,209,146,63,0,0,,,4736,201,989,20,1140,11,2375
/home/cgumbi/methylation/sea_lion/bismark_output/locus002/alignment/37207-HSPA2_S432_L001_R1_trimmed_bismark_bt2_pe.bam,10778,9358,1420,0,0,,,338089,28960,56837,193,27879,1751,222469
/home/cgumbi/methylation/sea_lion/bismark_output/locus002/alignment/37207-IGF2BP3_S912_L001_R1_trimmed_bismark_bt2_pe.bam,4029,2317,1712,0,0,,,77563,2901,14662,70,6902,204,52824
/home/cgumbi/methylation/sea_lion/bismark_output/locus002/alignment/37207-LOC1139_S144_L001_R1_trimmed_bismark_bt2_pe.bam,557,13,544,0,0,,,442,24,87,0,102,0,229
/home/cgumbi/methylation/sea_lion/bismark_output/locus002/alignment/37207-MDGA_S720_L001_R1_trimmed_bismark_bt2_pe.bam,6746,6509,237,0,0,,,279940,4710,66812,209,45315,1094,161800
/home/cgumbi/methylation/sea_lion/bismark_output/locus002/alignment/37207-OTP_S528_L001_R1_trimmed_bismark_bt2_pe.bam,5099,53,5046,0,0,,,2007,60,364,0,470,14,1099
/home/cgumbi/methylation/sea_lion/bismark_output/locus002/alignment/37207-PBX3_S336_L001_R1_trimmed_bismark_bt2_pe.bam,5892,5758,134,0,0,,,120768,10785,732,404,45541,404,62902
/home/cgumbi/methylation/sea_lion/bismark_output/locus002/alignment/37207-POU4F1_S1008_L001_R1_trimmed_bismark_bt2_pe.bam,15409,13274,2135,0,0,,,172529,376,26186,440,52663,297,92567
/home/cgumbi/methylation/sea_lion/bismark_output/locus002/alignment/37207-SLC_S624_L001_R1_trimmed_bismark_bt2_pe.bam,5210,4969,241,0,0,,,253406,7687,52209,372,64111,937,128090
/home/cgumbi/methylation/sea_lion/bismark_output/locus002/alignment/37208-FOXD3_S817_L001_R1_trimmed_bismark_bt2_pe.bam,1119,550,569,0,0,,,17726,911,3136,71,5585,96,7927
/home/cgumbi/methylation/sea_lion/bismark_output/locus002/alignment/37208-HCN1_S49_L001_R1_trimmed_bismark_bt2_pe.bam,18896,17922,974,0,0,,,501782,1552,70140,1743,159415,3248,265684
/home/cgumbi/methylation/sea_lion/bismark_output/locus002/alignment/37208-HOXB9_S241_L001_R1_trimmed_bismark_bt2_pe.bam,33424,32148,1276,0,0,,,1082290,49290,260672,1738,158933,4251,607406
/home/cgumbi/methylation/sea_lion/bismark_output/locus002/alignment/37208-HSPA2_S433_L001_R1_trimmed_bismark_bt2_pe.bam,513,462,51,0,0,,,16607,1295,2876,12,1540,93,10791
/home/cgumbi/methylation/sea_lion/bismark_output/locus002/alignment/37208-IGF2BP3_S913_L001_R1_trimmed_bismark_bt2_pe.bam,10371,5944,4427,0,0,,,199022,7421,37634,145,17756,605,135461
/home/cgumbi/methylation/sea_lion/bismark_output/locus002/alignment/37208-LOC1139_S145_L001_R1_trimmed_bismark_bt2_pe.bam,14311,13217,1094,0,0,,,435071,8607,123179,933,117525,1646,183181
/home/cgumbi/methylation/sea_lion/bismark_output/locus002/alignment/37208-MDGA_S721_L001_R1_trimmed_bismark_bt2_pe.bam,23395,22738,657,0,0,,,977747,18089,231627,831,158254,4598,564348
/home/cgumbi/methylation/sea_lion/bismark_output/locus002/alignment/37208-OTP_S529_L001_R1_trimmed_bismark_bt2_pe.bam,34786,30727,4059,0,0,,,815478,11381,126383,934,153687,4862,518231
/home/cgumbi/methylation/sea_lion/bismark_output/locus002/alignment/37208-PBX3_S337_L001_R1_trimmed_bismark_bt2_pe.bam,15647,15324,323,0,0,,,321575,27392,3304,1651,120648,1526,167054
/home/cgumbi/methylation/sea_lion/bismark_output/locus002/alignment/37208-POU4F1_S1009_L001_R1_trimmed_bismark_bt2_pe.bam,43529,42427,1102,0,0,,,551906,1250,83804,1727,168066,1058,296001
/home/cgumbi/methylation/sea_lion/bismark_output/locus002/alignment/37208-SLC_S625_L001_R1_trimmed_bismark_bt2_pe.bam,28440,27444,996,0,0,,,1399617,43336,287643,2362,353634,6184,706458
/home/cgumbi/methylation/sea_lion/bismark_output/locus002/alignment/37209-FOXD3_S818_L001_R1_trimmed_bismark_bt2_pe.bam,30378,18964,11414,0,0,,,601443,30757,103750,2287,195977,2898,265774
/home/cgumbi/methylation/sea_lion/bismark_output/locus002/alignment/37209-HCN1_S50_L001_R1_trimmed_bismark_bt2_pe.bam,17390,16406,984,0,0,,,459246,2863,62739,1270,146197,2309,243868
/home/cgumbi/methylation/sea_lion/bismark_output/locus002/alignment/37209-HOXB9_S242_L001_R1_trimmed_bismark_bt2_pe.bam,31531,30151,1380,0,0,,,1017110,63250,229201,695,151082,3788,569094
/home/cgumbi/methylation/sea_lion/bismark_output/locus002/alignment/37209-HSPA2_S434_L001_R1_trimmed_bismark_bt2_pe.bam,42458,37433,5025,0,0,,,1352877,111560,231977,836,111555,7659,889290
/home/cgumbi/methylation/sea_lion/bismark_output/locus002/alignment/37209-IGF2BP3_S914_L001_R1_trimmed_bismark_bt2_pe.bam,10418,5921,4497,0,0,,,198326,7399,37445,203,17670,502,135107
/home/cgumbi/methylation/sea_lion/bismark_output/locus002/alignment/37209-LOC1139_S146_L001_R1_trimmed_bismark_bt2_pe.bam,20934,19250,1684,0,0,,,633470,13599,178337,1023,171438,1980,267093
/home/cgumbi/methylation/sea_lion/bismark_output/locus002/alignment/37209-MDGA_S722_L001_R1_trimmed_bismark_bt2_pe.bam,22006,21283,723,0,0,,,915035,19621,214035,761,148126,3396,529096
/home/cgumbi/methylation/sea_lion/bismark_output/locus002/alignment/37209-OTP_S530_L001_R1_trimmed_bismark_bt2_pe.bam,50823,44758,6065,0,0,,,1186419,18949,181541,1560,223140,5257,755972
/home/cgumbi/methylation/sea_lion/bismark_output/locus002/alignment/37209-PBX3_S338_L001_R1_trimmed_bismark_bt2_pe.bam,14094,13669,425,0,0,,,286927,23683,3782,1205,107845,1127,149285
/home/cgumbi/methylation/sea_lion/bismark_output/locus002/alignment/37209-POU4F1_S1010_L001_R1_trimmed_bismark_bt2_pe.bam,44406,43119,1287,0,0,,,560583,979,85388,1996,170501,1447,300272
/home/cgumbi/methylation/sea_lion/bismark_output/locus002/alignment/37209-SLC_S626_L001_R1_trimmed_bismark_bt2_pe.bam,21397,20494,903,0,0,,,1044760,35601,211509,1833,263888,5045,526884
/home/cgumbi/methylation/sea_lion/bismark_output/locus002/alignment/37210-FOXD3_S819_L001_R1_trimmed_bismark_bt2_pe.bam,35994,23205,12789,0,0,,,737663,44658,107005,3108,235978,3445,343469
/home/cgumbi/methylation/sea_lion/bismark_output/locus002/alignment/37210-HCN1_S51_L001_R1_trimmed_bismark_bt2_pe.bam,16684,15915,769,0,0,,,445532,1917,61741,1421,141686,2164,236603
/home/cgumbi/methylation/sea_lion/bismark_output/locus002/alignment/37210-HOXB9_S243_L001_R1_trimmed_bismark_bt2_pe.bam,34814,33405,1409,0,0,,,1126208,61978,261166,1291,167292,4399,630082
/home/cgumbi/methylation/sea_lion/bismark_output/locus002/alignment/37210-HSPA2_S435_L001_R1_trimmed_bismark_bt2_pe.bam,42297,39633,2664,0,0,,,1432295,116244,247153,1092,117907,8146,941753
/home/cgumbi/methylation/sea_lion/bismark_output/locus002/alignment/37210-IGF2BP3_S915_L001_R1_trimmed_bismark_bt2_pe.bam,9840,5529,4311,0,0,,,185097,7078,34953,126,16565,520,125855
/home/cgumbi/methylation/sea_lion/bismark_output/locus002/alignment/37210-LOC1139_S147_L001_R1_trimmed_bismark_bt2_pe.bam,12240,11326,914,0,0,,,372945,7707,105307,797,100724,1218,157192
/home/cgumbi/methylation/sea_lion/bismark_output/locus002/alignment/37210-MDGA_S723_L001_R1_trimmed_bismark_bt2_pe.bam,19961,19359,602,0,0,,,832515,15778,196886,526,134880,3745,480700
/home/cgumbi/methylation/sea_lion/bismark_output/locus002/alignment/37210-OTP_S531_L001_R1_trimmed_bismark_bt2_pe.bam,52016,45935,6081,0,0,,,1216994,20488,185045,1461,228863,6215,774922
/home/cgumbi/methylation/sea_lion/bismark_output/locus002/alignment/37210-PBX3_S339_L001_R1_trimmed_bismark_bt2_pe.bam,17350,16945,405,0,0,,,355478,28694,5237,1556,133610,1609,184772
/home/cgumbi/methylation/sea_lion/bismark_output/locus002/alignment/37210-POU4F1_S1011_L001_R1_trimmed_bismark_bt2_pe.bam,31156,30322,834,0,0,,,394582,802,60028,1206,120163,992,211391
/home/cgumbi/methylation/sea_lion/bismark_output/locus002/alignment/37210-SLC_S627_L001_R1_trimmed_bismark_bt2_pe.bam,19225,18627,598,0,0,,,950146,32296,192698,1848,239725,4317,479262
/home/cgumbi/methylation/sea_lion/bismark_output/locus002/alignment/37211-FOXD3_S820_L001_R1_trimmed_bismark_bt2_pe.bam,28111,18148,9963,0,0,,,573623,30280,94749,2515,186691,2340,257048
/home/cgumbi/methylation/sea_lion/bismark_output/locus002/alignment/37211-HCN1_S52_L001_R1_trimmed_bismark_bt2_pe.bam,17620,16661,959,0,0,,,466314,2380,64224,1493,148273,2453,247491
/home/cgumbi/methylation/sea_lion/bismark_output/locus002/alignment/37211-HOXB9_S244_L001_R1_trimmed_bismark_bt2_pe.bam,31863,30499,1364,0,0,,,1028078,56983,238112,1430,151900,3339,576314
/home/cgumbi/methylation/sea_lion/bismark_output/locus002/alignment/37211-HSPA2_S436_L001_R1_trimmed_bismark_bt2_pe.bam,35580,33185,2395,0,0,,,1199762,109600,195122,937,98697,6842,788564
/home/cgumbi/methylation/sea_lion/bismark_output/locus002/alignment/37211-IGF2BP3_S916_L001_R1_trimmed_bismark_bt2_pe.bam,10050,5721,4329,0,0,,,191502,7152,36234,102,17163,474,130377
/home/cgumbi/methylation/sea_lion/bismark_output/locus002/alignment/37211-LOC1139_S148_L001_R1_trimmed_bismark_bt2_pe.bam,21843,20177,1666,0,0,,,664284,14830,186474,853,180028,2350,279749
/home/cgumbi/methylation/sea_lion/bismark_output/locus002/alignment/37211-MDGA_S724_L001_R1_trimmed_bismark_bt2_pe.bam,19428,18812,616,0,0,,,808759,16930,189628,440,131117,3675,466969
/home/cgumbi/methylation/sea_lion/bismark_output/locus002/alignment/37211-OTP_S532_L001_R1_trimmed_bismark_bt2_pe.bam,50453,44318,6135,0,0,,,1174226,21534,176759,1508,220776,6734,746915
/home/cgumbi/methylation/sea_lion/bismark_output/locus002/alignment/37211-PBX3_S340_L001_R1_trimmed_bismark_bt2_pe.bam,14192,13873,319,0,0,,,291154,25542,2280,1011,109676,1322,151323
/home/cgumbi/methylation/sea_lion/bismark_output/locus002/alignment/37211-POU4F1_S1012_L001_R1_trimmed_bismark_bt2_pe.bam,56192,54558,1634,0,0,,,708996,1659,107543,1635,216592,1663,379904
/home/cgumbi/methylation/sea_lion/bismark_output/locus002/alignment/37211-SLC_S628_L001_R1_trimmed_bismark_bt2_pe.bam,23247,22497,750,0,0,,,1147995,44020,228256,2007,289708,4628,579376
/home/cgumbi/methylation/sea_lion/bismark_output/locus002/alignment/37212-FOXD3_S821_L001_R1_trimmed_bismark_bt2_pe.bam,30502,18453,12049,0,0,,,588994,34662,89090,2499,188520,3010,271213
/home/cgumbi/methylation/sea_lion/bismark_output/locus002/alignment/37212-HCN1_S53_L001_R1_trimmed_bismark_bt2_pe.bam,12412,11779,633,0,0,,,329727,1376,45737,980,104881,1693,175060
/home/cgumbi/methylation/sea_lion/bismark_output/locus002/alignment/37212-HOXB9_S245_L001_R1_trimmed_bismark_bt2_pe.bam,27807,26641,1166,0,0,,,898623,59140,199165,1082,133106,3395,502735
/home/cgumbi/methylation/sea_lion/bismark_output/locus002/alignment/37212-HSPA2_S437_L001_R1_trimmed_bismark_bt2_pe.bam,34964,30907,4057,0,0,,,1117182,96338,187392,824,91931,6958,733739
/home/cgumbi/methylation/sea_lion/bismark_output/locus002/alignment/37212-IGF2BP3_S917_L001_R1_trimmed_bismark_bt2_pe.bam,8396,4657,3739,0,0,,,155958,5918,29509,104,13927,391,106109
/home/cgumbi/methylation/sea_lion/bismark_output/locus002/alignment/37212-LOC1139_S149_L001_R1_trimmed_bismark_bt2_pe.bam,17787,16373,1414,0,0,,,538922,12310,150949,1068,145655,1618,227322
/home/cgumbi/methylation/sea_lion/bismark_output/locus002/alignment/37212-MDGA_S725_L001_R1_trimmed_bismark_bt2_pe.bam,13497,13137,360,0,0,,,564789,9870,134392,422,91427,2865,325813
/home/cgumbi/methylation/sea_lion/bismark_output/locus002/alignment/37212-OTP_S533_L001_R1_trimmed_bismark_bt2_pe.bam,40695,35720,4975,0,0,,,945915,15673,144128,889,178090,5653,601482
/home/cgumbi/methylation/sea_lion/bismark_output/locus002/alignment/37212-PBX3_S341_L001_R1_trimmed_bismark_bt2_pe.bam,13477,13180,297,0,0,,,276481,22750,3647,1335,103856,1348,143545
/home/cgumbi/methylation/sea_lion/bismark_output/locus002/alignment/37212-POU4F1_S1013_L001_R1_trimmed_bismark_bt2_pe.bam,25774,25105,669,0,0,,,326380,623,49652,1079,99367,608,175051
/home/cgumbi/methylation/sea_lion/bismark_output/locus002/alignment/37212-SLC_S629_L001_R1_trimmed_bismark_bt2_pe.bam,10877,10504,373,0,0,,,535839,19616,107367,884,135299,2076,270597
/home/cgumbi/methylation/sea_lion/bismark_output/locus002/alignment/37213-FOXD3_S822_L001_R1_trimmed_bismark_bt2_pe.bam,20445,13119,7326,0,0,,,417317,24336,63526,1603,134337,2227,191288
/home/cgumbi/methylation/sea_lion/bismark_output/locus002/alignment/37213-HCN1_S54_L001_R1_trimmed_bismark_bt2_pe.bam,12454,11840,614,0,0,,,331397,1656,45675,1183,105277,1687,175919
/home/cgumbi/methylation/sea_lion/bismark_output/locus002/alignment/37213-HOXB9_S246_L001_R1_trimmed_bismark_bt2_pe.bam,24229,23267,962,0,0,,,784637,48429,176955,1215,115801,2906,439331
/home/cgumbi/methylation/sea_lion/bismark_output/locus002/alignment/37213-HSPA2_S438_L001_R1_trimmed_bismark_bt2_pe.bam,25363,22102,3261,0,0,,,799697,78690,125092,653,65701,4342,525219
/home/cgumbi/methylation/sea_lion/bismark_output/locus002/alignment/37213-IGF2BP3_S918_L001_R1_trimmed_bismark_bt2_pe.bam,8269,4700,3569,0,0,,,157265,6151,29472,112,14050,395,107085
/home/cgumbi/methylation/sea_lion/bismark_output/locus002/alignment/37213-LOC1139_S150_L001_R1_trimmed_bismark_bt2_pe.bam,15964,14774,1190,0,0,,,486422,11643,135747,760,131682,1384,205206
/home/cgumbi/methylation/sea_lion/bismark_output/locus002/alignment/37213-MDGA_S726_L001_R1_trimmed_bismark_bt2_pe.bam,15334,14822,512,0,0,,,637272,14036,148722,452,103202,3112,367748
/home/cgumbi/methylation/sea_lion/bismark_output/locus002/alignment/37213-OTP_S534_L001_R1_trimmed_bismark_bt2_pe.bam,31079,27457,3622,0,0,,,727543,13674,109337,961,136729,3711,463131
/home/cgumbi/methylation/sea_lion/bismark_output/locus002/alignment/37213-PBX3_S342_L001_R1_trimmed_bismark_bt2_pe.bam,12328,12062,266,0,0,,,252950,21218,2893,1087,95158,1317,131277
/home/cgumbi/methylation/sea_lion/bismark_output/locus002/alignment/37213-POU4F1_S1014_L001_R1_trimmed_bismark_bt2_pe.bam,29142,28298,844,0,0,,,368031,797,55935,1379,111849,628,197443
/home/cgumbi/methylation/sea_lion/bismark_output/locus002/alignment/37213-SLC_S630_L001_R1_trimmed_bismark_bt2_pe.bam,11680,11327,353,0,0,,,578023,23499,113688,907,145925,2850,291154
/home/cgumbi/methylation/sea_lion/bismark_output/locus002/alignment/37214-FOXD3_S823_L001_R1_trimmed_bismark_bt2_pe.bam,28970,18301,10669,0,0,,,581158,31419,95963,2343,188082,2941,260410
/home/cgumbi/methylation/sea_lion/bismark_output/locus002/alignment/37214-HCN1_S55_L001_R1_trimmed_bismark_bt2_pe.bam,16076,15248,828,0,0,,,426784,1745,59221,1093,135965,2040,226720
/home/cgumbi/methylation/sea_lion/bismark_output/locus002/alignment/37214-HOXB9_S247_L001_R1_trimmed_bismark_bt2_pe.bam,30749,29532,1217,0,0,,,995881,65300,220877,1317,147473,2621,558293
/home/cgumbi/methylation/sea_lion/bismark_output/locus002/alignment/37214-HSPA2_S439_L001_R1_trimmed_bismark_bt2_pe.bam,34468,29787,4681,0,0,,,1075797,89112,183618,871,88621,6016,707559
/home/cgumbi/methylation/sea_lion/bismark_output/locus002/alignment/37214-IGF2BP3_S919_L001_R1_trimmed_bismark_bt2_pe.bam,10566,6147,4419,0,0,,,205831,7736,38934,152,18401,484,140124
/home/cgumbi/methylation/sea_lion/bismark_output/locus002/alignment/37214-LOC1139_S151_L001_R1_trimmed_bismark_bt2_pe.bam,19790,18148,1642,0,0,,,597659,12370,168706,1065,161691,1880,251947
/home/cgumbi/methylation/sea_lion/bismark_output/locus002/alignment/37214-MDGA_S727_L001_R1_trimmed_bismark_bt2_pe.bam,17642,17111,531,0,0,,,735749,14619,173311,534,119171,3417,424697
/home/cgumbi/methylation/sea_lion/bismark_output/locus002/alignment/37214-OTP_S535_L001_R1_trimmed_bismark_bt2_pe.bam,43491,38403,5088,0,0,,,1017344,16123,155463,978,191690,5640,647450
/home/cgumbi/methylation/sea_lion/bismark_output/locus002/alignment/37214-PBX3_S343_L001_R1_trimmed_bismark_bt2_pe.bam,15395,15051,344,0,0,,,315739,26474,3667,1511,118568,1317,164202
/home/cgumbi/methylation/sea_lion/bismark_output/locus002/alignment/37214-POU4F1_S1015_L001_R1_trimmed_bismark_bt2_pe.bam,37471,36326,1145,0,0,,,472210,882,71843,1430,143877,1103,253075
/home/cgumbi/methylation/sea_lion/bismark_output/locus002/alignment/37214-SLC_S631_L001_R1_trimmed_bismark_bt2_pe.bam,17573,17007,566,0,0,,,867421,30439,174939,1459,219070,3858,437656
/home/cgumbi/methylation/sea_lion/bismark_output/locus002/alignment/37215-FOXD3_S824_L001_R1_trimmed_bismark_bt2_pe.bam,31604,19223,12381,0,0,,,612366,31103,102558,2639,199473,2893,273700
/home/cgumbi/methylation/sea_lion/bismark_output/locus002/alignment/37215-HCN1_S56_L001_R1_trimmed_bismark_bt2_pe.bam,15063,14336,727,0,0,,,401212,2189,55101,1091,127794,1724,213313
/home/cgumbi/methylation/sea_lion/bismark_output/locus002/alignment/37215-HOXB9_S248_L001_R1_trimmed_bismark_bt2_pe.bam,38721,37167,1554,0,0,,,1254815,100257,261486,2691,184093,4245,702043
/home/cgumbi/methylation/sea_lion/bismark_output/locus002/alignment/37215-HSPA2_S440_L001_R1_trimmed_bismark_bt2_pe.bam,458,372,86,0,0,,,13286,1300,2056,16,1176,80,8658
/home/cgumbi/methylation/sea_lion/bismark_output/locus002/alignment/37215-IGF2BP3_S920_L001_R1_trimmed_bismark_bt2_pe.bam,8808,5068,3740,0,0,,,169889,6706,31891,70,15232,448,115542
/home/cgumbi/methylation/sea_lion/bismark_output/locus002/alignment/37215-LOC1139_S152_L001_R1_trimmed_bismark_bt2_pe.bam,3237,57,3180,0,0,,,1883,51,504,1,481,2,844
/home/cgumbi/methylation/sea_lion/bismark_output/locus002/alignment/37215-MDGA_S728_L001_R1_trimmed_bismark_bt2_pe.bam,2271,2170,101,0,0,,,93221,1968,21836,62,15115,375,53865
/home/cgumbi/methylation/sea_lion/bismark_output/locus002/alignment/37215-OTP_S536_L001_R1_trimmed_bismark_bt2_pe.bam,37605,33343,4262,0,0,,,881232,21312,126383,113,166950,7113,559361
/home/cgumbi/methylation/sea_lion/bismark_output/locus002/alignment/37215-PBX3_S344_L001_R1_trimmed_bismark_bt2_pe.bam,15875,15516,359,0,0,,,325431,27622,3434,1572,122188,1613,169002
/home/cgumbi/methylation/sea_lion/bismark_output/locus002/alignment/37215-POU4F1_S1016_L001_R1_trimmed_bismark_bt2_pe.bam,32849,31908,941,0,0,,,414661,881,62971,1144,126469,936,222260
/home/cgumbi/methylation/sea_lion/bismark_output/locus002/alignment/37215-SLC_S632_L001_R1_trimmed_bismark_bt2_pe.bam,10955,10567,388,0,0,,,538891,19727,108001,844,136112,2273,271934
/home/cgumbi/methylation/sea_lion/bismark_output/locus002/alignment/37216-FOXD3_S825_L001_R1_trimmed_bismark_bt2_pe.bam,24773,16910,7863,0,0,,,536873,30579,81273,2203,173700,2340,246778
/home/cgumbi/methylation/sea_lion/bismark_output/locus002/alignment/37216-HCN1_S57_L001_R1_trimmed_bismark_bt2_pe.bam,13581,13006,575,0,0,,,364068,2432,49593,866,116049,1508,193620
/home/cgumbi/methylation/sea_lion/bismark_output/locus002/alignment/37216-HOXB9_S249_L001_R1_trimmed_bismark_bt2_pe.bam,18771,18093,678,0,0,,,610431,42117,133450,398,90911,2347,341208
/home/cgumbi/methylation/sea_lion/bismark_output/locus002/alignment/37216-HSPA2_S441_L001_R1_trimmed_bismark_bt2_pe.bam,34296,33073,1223,0,0,,,1196135,111777,192276,908,98360,6740,786074
/home/cgumbi/methylation/sea_lion/bismark_output/locus002/alignment/37216-IGF2BP3_S921_L001_R1_trimmed_bismark_bt2_pe.bam,7601,4494,3107,0,0,,,150600,5802,28482,25,13492,333,102466
/home/cgumbi/methylation/sea_lion/bismark_output/locus002/alignment/37216-LOC1139_S153_L001_R1_trimmed_bismark_bt2_pe.bam,11758,11019,739,0,0,,,362943,7289,102681,548,98303,861,153261
/home/cgumbi/methylation/sea_lion/bismark_output/locus002/alignment/37216-MDGA_S729_L001_R1_trimmed_bismark_bt2_pe.bam,11824,11529,295,0,0,,,495788,10077,116564,334,80336,1817,286660
/home/cgumbi/methylation/sea_lion/bismark_output/locus002/alignment/37216-OTP_S537_L001_R1_trimmed_bismark_bt2_pe.bam,485,285,200,0,0,,,9176,275,1515,8,1953,23,5402
/home/cgumbi/methylation/sea_lion/bismark_output/locus002/alignment/37216-PBX3_S345_L001_R1_trimmed_bismark_bt2_pe.bam,12834,12565,269,0,0,,,263693,22458,2724,757,99528,969,137257
/home/cgumbi/methylation/sea_lion/bismark_output/locus002/alignment/37216-POU4F1_S1017_L001_R1_trimmed_bismark_bt2_pe.bam,37392,36605,787,0,0,,,475921,669,72628,1322,145152,871,255279
/home/cgumbi/methylation/sea_lion/bismark_output/locus002/alignment/37216-SLC_S633_L001_R1_trimmed_bismark_bt2_pe.bam,17885,17332,553,0,0,,,885093,35194,174730,1159,223772,3610,446628
/home/cgumbi/methylation/sea_lion/bismark_output/locus002/alignment/37217-FOXD3_S826_L001_R1_trimmed_bismark_bt2_pe.bam,25225,16082,9143,0,0,,,510478,27157,84778,1715,166260,2022,228546
/home/cgumbi/methylation/sea_lion/bismark_output/locus002/alignment/37217-HCN1_S58_L001_R1_trimmed_bismark_bt2_pe.bam,14822,13969,853,0,0,,,390932,1709,54113,1093,124465,1672,207880
/home/cgumbi/methylation/sea_lion/bismark_output/locus002/alignment/37217-HOXB9_S250_L001_R1_trimmed_bismark_bt2_pe.bam,29953,28761,1192,0,0,,,968936,52171,225585,842,143841,2057,544440
/home/cgumbi/methylation/sea_lion/bismark_output/locus002/alignment/37217-HSPA2_S442_L001_R1_trimmed_bismark_bt2_pe.bam,33555,30471,3084,0,0,,,1101160,94885,184575,657,90859,5295,724889
/home/cgumbi/methylation/sea_lion/bismark_output/locus002/alignment/37217-IGF2BP3_S922_L001_R1_trimmed_bismark_bt2_pe.bam,8646,4904,3742,0,0,,,164330,6163,31174,107,14733,326,111827
/home/cgumbi/methylation/sea_lion/bismark_output/locus002/alignment/37217-LOC1139_S154_L001_R1_trimmed_bismark_bt2_pe.bam,18803,17369,1434,0,0,,,571984,11714,161601,907,154828,1423,241511
/home/cgumbi/methylation/sea_lion/bismark_output/locus002/alignment/37217-MDGA_S730_L001_R1_trimmed_bismark_bt2_pe.bam,17867,17302,565,0,0,,,744018,15109,174915,494,120573,2862,430065
/home/cgumbi/methylation/sea_lion/bismark_output/locus002/alignment/37217-OTP_S538_L001_R1_trimmed_bismark_bt2_pe.bam,46360,40867,5493,0,0,,,1083268,17683,165323,772,204355,3853,691282
/home/cgumbi/methylation/sea_lion/bismark_output/locus002/alignment/37217-PBX3_S346_L001_R1_trimmed_bismark_bt2_pe.bam,15162,14772,390,0,0,,,309944,25592,3996,953,116959,1235,161209
/home/cgumbi/methylation/sea_lion/bismark_output/locus002/alignment/37217-POU4F1_S1018_L001_R1_trimmed_bismark_bt2_pe.bam,32380,31516,864,0,0,,,410040,776,62415,920,125210,563,220156
/home/cgumbi/methylation/sea_lion/bismark_output/locus002/alignment/37217-SLC_S634_L001_R1_trimmed_bismark_bt2_pe.bam,25482,24579,903,0,0,,,1253973,43276,253793,1548,317263,4687,633406
/home/cgumbi/methylation/sea_lion/bismark_output/locus002/alignment/37218-FOXD3_S827_L001_R1_trimmed_bismark_bt2_pe.bam,316,117,199,0,0,,,3760,221,559,9,1192,16,1763
/home/cgumbi/methylation/sea_lion/bismark_output/locus002/alignment/37218-HCN1_S59_L001_R1_trimmed_bismark_bt2_pe.bam,6325,6029,296,0,0,,,168714,786,23322,375,53820,691,89720
/home/cgumbi/methylation/sea_lion/bismark_output/locus002/alignment/37218-HOXB9_S251_L001_R1_trimmed_bismark_bt2_pe.bam,395,363,32,0,0,,,12262,967,2569,12,1814,33,6867
/home/cgumbi/methylation/sea_lion/bismark_output/locus002/alignment/37218-HSPA2_S443_L001_R1_trimmed_bismark_bt2_pe.bam,234,203,31,0,0,,,7289,808,1057,8,629,39,4748
/home/cgumbi/methylation/sea_lion/bismark_output/locus002/alignment/37218-IGF2BP3_S923_L001_R1_trimmed_bismark_bt2_pe.bam,2841,1567,1274,0,0,,,52406,2260,9599,44,4693,98,35712
/home/cgumbi/methylation/sea_lion/bismark_output/locus002/alignment/37218-LOC1139_S155_L001_R1_trimmed_bismark_bt2_pe.bam,7781,7204,577,0,0,,,237161,5327,66525,453,64118,633,100105
/home/cgumbi/methylation/sea_lion/bismark_output/locus002/alignment/37218-MDGA_S731_L001_R1_trimmed_bismark_bt2_pe.bam,7231,6995,236,0,0,,,300782,6355,70458,107,48824,1254,173784
/home/cgumbi/methylation/sea_lion/bismark_output/locus002/alignment/37218-OTP_S539_L001_R1_trimmed_bismark_bt2_pe.bam,275,239,36,0,0,,,7262,166,1194,13,1491,21,4377
/home/cgumbi/methylation/sea_lion/bismark_output/locus002/alignment/37218-PBX3_S347_L001_R1_trimmed_bismark_bt2_pe.bam,5330,5178,152,0,0,,,108649,9057,1329,412,40891,434,56526
/home/cgumbi/methylation/sea_lion/bismark_output/locus002/alignment/37218-POU4F1_S1019_L001_R1_trimmed_bismark_bt2_pe.bam,12044,11705,339,0,0,,,152124,231,23194,350,46486,484,81379
/home/cgumbi/methylation/sea_lion/bismark_output/locus002/alignment/37218-SLC_S635_L001_R1_trimmed_bismark_bt2_pe.bam,8137,7820,317,0,0,,,399303,15853,78892,434,101056,1554,201514
/home/cgumbi/methylation/sea_lion/bismark_output/locus002/alignment/37219-FOXD3_S828_L001_R1_trimmed_bismark_bt2_pe.bam,13151,8616,4535,0,0,,,273824,15689,41921,881,88459,1015,125859
/home/cgumbi/methylation/sea_lion/bismark_output/locus002/alignment/37219-HCN1_S60_L001_R1_trimmed_bismark_bt2_pe.bam,7535,7130,405,0,0,,,199562,567,27954,563,63544,749,106185
/home/cgumbi/methylation/sea_lion/bismark_output/locus002/alignment/37219-HOXB9_S252_L001_R1_trimmed_bismark_bt2_pe.bam,443,341,102,0,0,,,11338,566,2491,24,2107,36,6114
/home/cgumbi/methylation/sea_lion/bismark_output/locus002/alignment/37219-HSPA2_S444_L001_R1_trimmed_bismark_bt2_pe.bam,15613,14663,950,0,0,,,529511,41231,92960,233,43773,2920,348394
/home/cgumbi/methylation/sea_lion/bismark_output/locus002/alignment/37219-IGF2BP3_S924_L001_R1_trimmed_bismark_bt2_pe.bam,3103,1690,1413,0,0,,,56532,2033,10756,33,5071,115,38524
/home/cgumbi/methylation/sea_lion/bismark_output/locus002/alignment/37219-LOC1139_S156_L001_R1_trimmed_bismark_bt2_pe.bam,9279,8595,684,0,0,,,282894,5725,79987,381,76625,780,119396
/home/cgumbi/methylation/sea_lion/bismark_output/locus002/alignment/37219-MDGA_S732_L001_R1_trimmed_bismark_bt2_pe.bam,8297,8039,258,0,0,,,345572,6017,82212,180,56053,1291,199819
/home/cgumbi/methylation/sea_lion/bismark_output/locus002/alignment/37219-OTP_S540_L001_R1_trimmed_bismark_bt2_pe.bam,390,316,74,0,0,,,9208,187,1478,9,1862,45,5627
/home/cgumbi/methylation/sea_lion/bismark_output/locus002/alignment/37219-PBX3_S348_L001_R1_trimmed_bismark_bt2_pe.bam,7105,6909,196,0,0,,,144860,12102,1708,380,54714,526,75430
/home/cgumbi/methylation/sea_lion/bismark_output/locus002/alignment/37219-POU4F1_S1020_L001_R1_trimmed_bismark_bt2_pe.bam,15253,14792,461,0,0,,,192193,128,29458,391,58775,360,103081
/home/cgumbi/methylation/sea_lion/bismark_output/locus002/alignment/37219-SLC_S636_L001_R1_trimmed_bismark_bt2_pe.bam,8606,8355,251,0,0,,,426543,16363,84774,490,107944,1536,215436
/home/cgumbi/methylation/sea_lion/bismark_output/locus002/alignment/37220-FOXD3_S829_L001_R1_trimmed_bismark_bt2_pe.bam,1111,576,535,0,0,,,18297,1076,2699,62,5870,62,8528
/home/cgumbi/methylation/sea_lion/bismark_output/locus002/alignment/37220-HCN1_S61_L001_R1_trimmed_bismark_bt2_pe.bam,9675,9239,436,0,0,,,258578,1259,35682,746,82319,1125,137447
/home/cgumbi/methylation/sea_lion/bismark_output/locus002/alignment/37220-HOXB9_S253_L001_R1_trimmed_bismark_bt2_pe.bam,16361,15787,574,0,0,,,533003,37857,115883,487,78414,1643,298719
/home/cgumbi/methylation/sea_lion/bismark_output/locus002/alignment/37220-HSPA2_S445_L001_R1_trimmed_bismark_bt2_pe.bam,19229,17809,1420,0,0,,,644169,64087,99796,459,52990,3088,423749
/home/cgumbi/methylation/sea_lion/bismark_output/locus002/alignment/37220-IGF2BP3_S925_L001_R1_trimmed_bismark_bt2_pe.bam,5123,2874,2249,0,0,,,96166,3627,18119,33,8634,189,65564
/home/cgumbi/methylation/sea_lion/bismark_output/locus002/alignment/37220-LOC1139_S157_L001_R1_trimmed_bismark_bt2_pe.bam,12214,11372,842,0,0,,,374438,8696,104771,479,101510,815,158167
/home/cgumbi/methylation/sea_lion/bismark_output/locus002/alignment/37220-MDGA_S733_L001_R1_trimmed_bismark_bt2_pe.bam,10066,9799,267,0,0,,,421304,7651,99956,300,68252,1756,243389
/home/cgumbi/methylation/sea_lion/bismark_output/locus002/alignment/37220-OTP_S541_L001_R1_trimmed_bismark_bt2_pe.bam,26991,23972,3019,0,0,,,634092,11018,95785,493,119455,2426,404915
/home/cgumbi/methylation/sea_lion/bismark_output/locus002/alignment/37220-PBX3_S349_L001_R1_trimmed_bismark_bt2_pe.bam,9514,9274,240,0,0,,,194577,16351,2257,720,73241,790,101218
/home/cgumbi/methylation/sea_lion/bismark_output/locus002/alignment/37220-POU4F1_S1021_L001_R1_trimmed_bismark_bt2_pe.bam,21460,20945,515,0,0,,,272259,716,41216,706,83046,434,146141
/home/cgumbi/methylation/sea_lion/bismark_output/locus002/alignment/37220-SLC_S637_L001_R1_trimmed_bismark_bt2_pe.bam,6148,5997,151,0,0,,,306098,12577,60077,372,77377,1061,154634
/home/cgumbi/methylation/sea_lion/bismark_output/locus002/alignment/37221-FOXD3_S830_L001_R1_trimmed_bismark_bt2_pe.bam,8895,5475,3420,0,0,,,173790,9330,28729,522,56645,690,77874
/home/cgumbi/methylation/sea_lion/bismark_output/locus002/alignment/37221-HCN1_S62_L001_R1_trimmed_bismark_bt2_pe.bam,4319,4090,229,0,0,,,114542,373,16001,216,36531,374,61047
/home/cgumbi/methylation/sea_lion/bismark_output/locus002/alignment/37221-HOXB9_S254_L001_R1_trimmed_bismark_bt2_pe.bam,7708,7393,315,0,0,,,249238,13379,58228,272,36941,679,139739
/home/cgumbi/methylation/sea_lion/bismark_output/locus002/alignment/37221-HSPA2_S446_L001_R1_trimmed_bismark_bt2_pe.bam,11050,9482,1568,0,0,,,342722,30848,56250,232,28267,1400,225725
/home/cgumbi/methylation/sea_lion/bismark_output/locus002/alignment/37221-IGF2BP3_S926_L001_R1_trimmed_bismark_bt2_pe.bam,2600,1443,1157,0,0,,,48392,1791,9234,32,4325,92,32918
/home/cgumbi/methylation/sea_lion/bismark_output/locus002/alignment/37221-LOC1139_S158_L001_R1_trimmed_bismark_bt2_pe.bam,6541,6025,516,0,0,,,198402,4144,55974,276,53755,605,83648
/home/cgumbi/methylation/sea_lion/bismark_output/locus002/alignment/37221-MDGA_S734_L001_R1_trimmed_bismark_bt2_pe.bam,5503,5324,179,0,0,,,228903,3831,54616,136,37108,761,132451
/home/cgumbi/methylation/sea_lion/bismark_output/locus002/alignment/37221-OTP_S542_L001_R1_trimmed_bismark_bt2_pe.bam,12651,11197,1454,0,0,,,296293,4043,45883,257,55821,1066,189223
/home/cgumbi/methylation/sea_lion/bismark_output/locus002/alignment/37221-PBX3_S350_L001_R1_trimmed_bismark_bt2_pe.bam,4587,4472,115,0,0,,,93826,7779,1185,320,35350,337,48855
/home/cgumbi/methylation/sea_lion/bismark_output/locus002/alignment/37221-POU4F1_S1022_L001_R1_trimmed_bismark_bt2_pe.bam,8797,8558,239,0,0,,,111239,187,16943,364,33874,182,59689
/home/cgumbi/methylation/sea_lion/bismark_output/locus002/alignment/37221-SLC_S638_L001_R1_trimmed_bismark_bt2_pe.bam,4138,4032,106,0,0,,,205563,6438,42156,269,52017,740,103943
/home/cgumbi/methylation/sea_lion/bismark_output/locus002/alignment/37222-FOXD3_S831_L001_R1_trimmed_bismark_bt2_pe.bam,13879,9318,4561,0,0,,,294994,14842,48142,1059,96423,868,133660
/home/cgumbi/methylation/sea_lion/bismark_output/locus002/alignment/37222-HCN1_S63_L001_R1_trimmed_bismark_bt2_pe.bam,7838,7396,442,0,0,,,207009,703,28886,535,65945,746,110194
/home/cgumbi/methylation/sea_lion/bismark_output/locus002/alignment/37222-HOXB9_S255_L001_R1_trimmed_bismark_bt2_pe.bam,12091,11545,546,0,0,,,388930,19911,91470,321,57935,1114,218179
/home/cgumbi/methylation/sea_lion/bismark_output/locus002/alignment/37222-HSPA2_S447_L001_R1_trimmed_bismark_bt2_pe.bam,13316,12202,1114,0,0,,,440300,32836,78473,262,36374,1702,290653
/home/cgumbi/methylation/sea_lion/bismark_output/locus002/alignment/37222-IGF2BP3_S927_L001_R1_trimmed_bismark_bt2_pe.bam,3852,2095,1757,0,0,,,70140,2636,13321,40,6296,101,47746
/home/cgumbi/methylation/sea_lion/bismark_output/locus002/alignment/37222-LOC1139_S159_L001_R1_trimmed_bismark_bt2_pe.bam,10240,9446,794,0,0,,,311007,6488,87744,561,84133,773,131308
/home/cgumbi/methylation/sea_lion/bismark_output/locus002/alignment/37222-MDGA_S735_L001_R1_trimmed_bismark_bt2_pe.bam,8994,8658,336,0,0,,,372228,6349,88697,125,60443,1250,215364
/home/cgumbi/methylation/sea_lion/bismark_output/locus002/alignment/37222-OTP_S543_L001_R1_trimmed_bismark_bt2_pe.bam,22202,19454,2748,0,0,,,515266,6420,80541,536,97031,1883,328855
/home/cgumbi/methylation/sea_lion/bismark_output/locus002/alignment/37222-PBX3_S351_L001_R1_trimmed_bismark_bt2_pe.bam,7629,7400,229,0,0,,,155253,12567,2245,555,58501,669,80716
/home/cgumbi/methylation/sea_lion/bismark_output/locus002/alignment/37222-POU4F1_S1023_L001_R1_trimmed_bismark_bt2_pe.bam,17675,17044,631,0,0,,,221518,438,33678,531,67626,211,119034
/home/cgumbi/methylation/sea_lion/bismark_output/locus002/alignment/37222-SLC_S639_L001_R1_trimmed_bismark_bt2_pe.bam,9099,8774,325,0,0,,,447688,14784,91157,557,113299,1415,226476
/home/cgumbi/methylation/sea_lion/bismark_output/locus002/alignment/37223-FOXD3_S832_L001_R1_trimmed_bismark_bt2_pe.bam,17877,11185,6692,0,0,,,354121,17580,63770,1243,116155,1504,153869
/home/cgumbi/methylation/sea_lion/bismark_output/locus002/alignment/37223-HCN1_S64_L001_R1_trimmed_bismark_bt2_pe.bam,10790,10229,561,0,0,,,286325,1142,39777,473,91468,1019,152446
/home/cgumbi/methylation/sea_lion/bismark_output/locus002/alignment/37223-HOXB9_S256_L001_R1_trimmed_bismark_bt2_pe.bam,388,292,96,0,0,,,9647,572,1958,19,2137,37,4924
/home/cgumbi/methylation/sea_lion/bismark_output/locus002/alignment/37223-HSPA2_S448_L001_R1_trimmed_bismark_bt2_pe.bam,18726,13415,5311,0,0,,,485068,46735,76748,165,40193,2396,318831
/home/cgumbi/methylation/sea_lion/bismark_output/locus002/alignment/37223-IGF2BP3_S928_L001_R1_trimmed_bismark_bt2_pe.bam,4686,2581,2105,0,0,,,86373,3290,16276,29,7776,178,58824
/home/cgumbi/methylation/sea_lion/bismark_output/locus002/alignment/37223-LOC1139_S160_L001_R1_trimmed_bismark_bt2_pe.bam,12028,11078,950,0,0,,,364753,7508,103029,817,98500,999,153900
/home/cgumbi/methylation/sea_lion/bismark_output/locus002/alignment/37223-MDGA_S736_L001_R1_trimmed_bismark_bt2_pe.bam,12387,12020,367,0,0,,,516884,10428,121577,361,83721,1904,298893
/home/cgumbi/methylation/sea_lion/bismark_output/locus002/alignment/37223-OTP_S544_L001_R1_trimmed_bismark_bt2_pe.bam,23321,20497,2824,0,0,,,543074,11024,80686,331,102486,2350,346197
/home/cgumbi/methylation/sea_lion/bismark_output/locus002/alignment/37223-PBX3_S352_L001_R1_trimmed_bismark_bt2_pe.bam,8840,8634,206,0,0,,,181158,15377,1938,743,68153,730,94217
/home/cgumbi/methylation/sea_lion/bismark_output/locus002/alignment/37223-POU4F1_S1024_L001_R1_trimmed_bismark_bt2_pe.bam,18851,18298,553,0,0,,,237832,198,36430,717,72505,387,127595
/home/cgumbi/methylation/sea_lion/bismark_output/locus002/alignment/37223-SLC_S640_L001_R1_trimmed_bismark_bt2_pe.bam,12304,11873,431,0,0,,,605973,23607,120090,887,153115,2279,305995
/home/cgumbi/methylation/sea_lion/bismark_output/locus002/alignment/37224-FOXD3_S833_L001_R1_trimmed_bismark_bt2_pe.bam,14835,9789,5046,0,0,,,310482,17363,48648,1558,100471,1633,140809
/home/cgumbi/methylation/sea_lion/bismark_output/locus002/alignment/37224-HCN1_S65_L001_R1_trimmed_bismark_bt2_pe.bam,8710,8314,396,0,0,,,232693,908,32311,689,74078,1151,123556
/home/cgumbi/methylation/sea_lion/bismark_output/locus002/alignment/37224-HOXB9_S257_L001_R1_trimmed_bismark_bt2_pe.bam,14507,13903,604,0,0,,,468897,29590,105188,657,69380,2030,262052
/home/cgumbi/methylation/sea_lion/bismark_output/locus002/alignment/37224-HSPA2_S449_L001_R1_trimmed_bismark_bt2_pe.bam,333,291,42,0,0,,,10558,997,1683,16,900,59,6903
/home/cgumbi/methylation/sea_lion/bismark_output/locus002/alignment/37224-IGF2BP3_S929_L001_R1_trimmed_bismark_bt2_pe.bam,3404,1871,1533,0,0,,,62649,2472,11786,31,5656,150,42554
/home/cgumbi/methylation/sea_lion/bismark_output/locus002/alignment/37224-LOC1139_S161_L001_R1_trimmed_bismark_bt2_pe.bam,10516,9752,764,0,0,,,321192,6706,90649,667,86818,1000,135352
/home/cgumbi/methylation/sea_lion/bismark_output/locus002/alignment/37224-MDGA_S737_L001_R1_trimmed_bismark_bt2_pe.bam,10363,10044,319,0,0,,,431835,8727,101540,311,69959,2039,249259
/home/cgumbi/methylation/sea_lion/bismark_output/locus002/alignment/37224-OTP_S545_L001_R1_trimmed_bismark_bt2_pe.bam,515,457,58,0,0,,,13598,225,2272,27,2757,61,8256
/home/cgumbi/methylation/sea_lion/bismark_output/locus002/alignment/37224-PBX3_S353_L001_R1_trimmed_bismark_bt2_pe.bam,8633,8460,173,0,0,,,177526,14203,2737,1065,66456,719,92346
/home/cgumbi/methylation/sea_lion/bismark_output/locus002/alignment/37224-POU4F1_S1025_L001_R1_trimmed_bismark_bt2_pe.bam,17951,17449,502,0,0,,,226896,512,34448,922,68913,720,121381
/home/cgumbi/methylation/sea_lion/bismark_output/locus002/alignment/37224-SLC_S641_L001_R1_trimmed_bismark_bt2_pe.bam,11698,11292,406,0,0,,,576272,20114,116330,1040,145500,2756,290532
/home/cgumbi/methylation/sea_lion/bismark_output/locus002/alignment/37225-FOXD3_S834_L001_R1_trimmed_bismark_bt2_pe.bam,19364,11964,7400,0,0,,,381725,22543,59335,1942,121658,2178,174069
/home/cgumbi/methylation/sea_lion/bismark_output/locus002/alignment/37225-HCN1_S66_L001_R1_trimmed_bismark_bt2_pe.bam,10196,9634,562,0,0,,,269681,1061,37475,867,85740,1404,143134
/home/cgumbi/methylation/sea_lion/bismark_output/locus002/alignment/37225-HOXB9_S258_L001_R1_trimmed_bismark_bt2_pe.bam,22298,21395,903,0,0,,,720768,33711,172892,676,107057,3315,403117
/home/cgumbi/methylation/sea_lion/bismark_output/locus002/alignment/37225-HSPA2_S450_L001_R1_trimmed_bismark_bt2_pe.bam,23726,21293,2433,0,0,,,770004,73856,122058,631,63336,5618,504505
/home/cgumbi/methylation/sea_lion/bismark_output/locus002/alignment/37225-IGF2BP3_S930_L001_R1_trimmed_bismark_bt2_pe.bam,6331,3589,2742,0,0,,,120123,4493,22693,72,10748,362,81755
/home/cgumbi/methylation/sea_lion/bismark_output/locus002/alignment/37225-LOC1139_S162_L001_R1_trimmed_bismark_bt2_pe.bam,12906,11805,1101,0,0,,,388395,8330,109324,705,105043,1488,163505
/home/cgumbi/methylation/sea_lion/bismark_output/locus002/alignment/37225-MDGA_S738_L001_R1_trimmed_bismark_bt2_pe.bam,13074,12699,375,0,0,,,546120,9490,129999,443,88402,2440,315346
/home/cgumbi/methylation/sea_lion/bismark_output/locus002/alignment/37225-OTP_S546_L001_R1_trimmed_bismark_bt2_pe.bam,31118,27437,3681,0,0,,,726218,11976,110527,971,136446,4007,462291
/home/cgumbi/methylation/sea_lion/bismark_output/locus002/alignment/37225-PBX3_S354_L001_R1_trimmed_bismark_bt2_pe.bam,10927,10655,272,0,0,,,223468,18613,2719,1094,83896,1312,115834
/home/cgumbi/methylation/sea_lion/bismark_output/locus002/alignment/37225-POU4F1_S1026_L001_R1_trimmed_bismark_bt2_pe.bam,25913,25195,718,0,0,,,327654,851,49628,1016,99785,550,175824
/home/cgumbi/methylation/sea_lion/bismark_output/locus002/alignment/37225-SLC_S642_L001_R1_trimmed_bismark_bt2_pe.bam,10646,10260,386,0,0,,,523484,19816,104315,1005,132050,2558,263740
/home/cgumbi/methylation/sea_lion/bismark_output/locus002/alignment/37226-FOXD3_S835_L001_R1_trimmed_bismark_bt2_pe.bam,26125,16028,10097,0,0,,,510404,31397,77639,2412,162314,2823,233819
/home/cgumbi/methylation/sea_lion/bismark_output/locus002/alignment/37226-HCN1_S67_L001_R1_trimmed_bismark_bt2_pe.bam,13802,13159,643,0,0,,,368297,1599,51033,1311,116963,2208,195183
/home/cgumbi/methylation/sea_lion/bismark_output/locus002/alignment/37226-HOXB9_S259_L001_R1_trimmed_bismark_bt2_pe.bam,29328,28098,1230,0,0,,,946845,38878,232529,1039,140154,2699,531546
/home/cgumbi/methylation/sea_lion/bismark_output/locus002/alignment/37226-HSPA2_S451_L001_R1_trimmed_bismark_bt2_pe.bam,35257,31142,4115,0,0,,,1125479,100197,185671,705,92776,6545,739585
/home/cgumbi/methylation/sea_lion/bismark_output/locus002/alignment/37226-IGF2BP3_S931_L001_R1_trimmed_bismark_bt2_pe.bam,6371,3563,2808,0,0,,,119239,4524,22503,87,10636,312,81177
/home/cgumbi/methylation/sea_lion/bismark_output/locus002/alignment/37226-LOC1139_S163_L001_R1_trimmed_bismark_bt2_pe.bam,16205,14929,1276,0,0,,,491607,10728,138227,846,133015,1704,207087
/home/cgumbi/methylation/sea_lion/bismark_output/locus002/alignment/37226-MDGA_S739_L001_R1_trimmed_bismark_bt2_pe.bam,15543,15090,453,0,0,,,648883,11931,153812,556,104978,3245,374361
/home/cgumbi/methylation/sea_lion/bismark_output/locus002/alignment/37226-OTP_S547_L001_R1_trimmed_bismark_bt2_pe.bam,40068,35086,4982,0,0,,,927369,14743,141040,1713,173795,2134,593944
/home/cgumbi/methylation/sea_lion/bismark_output/locus002/alignment/37226-PBX3_S355_L001_R1_trimmed_bismark_bt2_pe.bam,12240,11946,294,0,0,,,250586,20798,3125,1232,94024,1288,130119
/home/cgumbi/methylation/sea_lion/bismark_output/locus002/alignment/37226-POU4F1_S1027_L001_R1_trimmed_bismark_bt2_pe.bam,23227,22596,631,0,0,,,293718,513,44723,812,89597,799,157274
/home/cgumbi/methylation/sea_lion/bismark_output/locus002/alignment/37226-SLC_S643_L001_R1_trimmed_bismark_bt2_pe.bam,3929,3808,121,0,0,,,193819,6301,39538,313,48981,833,97853
/home/cgumbi/methylation/sea_lion/bismark_output/locus002/alignment/37227-FOXD3_S836_L001_R1_trimmed_bismark_bt2_pe.bam,16876,11159,5717,0,0,,,354197,20067,54045,1274,114461,1933,162417
/home/cgumbi/methylation/sea_lion/bismark_output/locus002/alignment/37227-HCN1_S68_L001_R1_trimmed_bismark_bt2_pe.bam,9897,9417,480,0,0,,,263496,906,36713,570,84081,1245,139981
/home/cgumbi/methylation/sea_lion/bismark_output/locus002/alignment/37227-HOXB9_S260_L001_R1_trimmed_bismark_bt2_pe.bam,16740,16086,654,0,0,,,542678,28022,127971,792,80266,2128,303499
/home/cgumbi/methylation/sea_lion/bismark_output/locus002/alignment/37227-HSPA2_S452_L001_R1_trimmed_bismark_bt2_pe.bam,19282,17948,1334,0,0,,,649111,63445,101666,414,53471,3529,426586
/home/cgumbi/methylation/sea_lion/bismark_output/locus002/alignment/37227-IGF2BP3_S932_L001_R1_trimmed_bismark_bt2_pe.bam,4880,2708,2172,0,0,,,90686,3531,17032,35,8134,204,61750
/home/cgumbi/methylation/sea_lion/bismark_output/locus002/alignment/37227-LOC1139_S164_L001_R1_trimmed_bismark_bt2_pe.bam,10205,9505,700,0,0,,,312806,6361,88437,509,84660,872,131967
/home/cgumbi/methylation/sea_lion/bismark_output/locus002/alignment/37227-MDGA_S740_L001_R1_trimmed_bismark_bt2_pe.bam,10980,10634,346,0,0,,,457244,8027,108747,275,74098,1897,264200
/home/cgumbi/methylation/sea_lion/bismark_output/locus002/alignment/37227-OTP_S548_L001_R1_trimmed_bismark_bt2_pe.bam,380,327,53,0,0,,,9954,221,1645,8,2057,30,5993
/home/cgumbi/methylation/sea_lion/bismark_output/locus002/alignment/37227-PBX3_S356_L001_R1_trimmed_bismark_bt2_pe.bam,8934,8704,230,0,0,,,182530,15113,2313,1074,68340,751,94939
/home/cgumbi/methylation/sea_lion/bismark_output/locus002/alignment/37227-POU4F1_S1028_L001_R1_trimmed_bismark_bt2_pe.bam,23277,22632,645,0,0,,,294092,522,44758,884,89642,727,157559
/home/cgumbi/methylation/sea_lion/bismark_output/locus002/alignment/37227-SLC_S644_L001_R1_trimmed_bismark_bt2_pe.bam,11364,11023,341,0,0,,,562454,19498,113606,883,142180,2284,284003
/home/cgumbi/methylation/sea_lion/bismark_output/locus002/alignment/37228-FOXD3_S837_L001_R1_trimmed_bismark_bt2_pe.bam,19148,11811,7337,0,0,,,375479,20811,61297,1571,121178,1753,168869
/home/cgumbi/methylation/sea_lion/bismark_output/locus002/alignment/37228-HCN1_S69_L001_R1_trimmed_bismark_bt2_pe.bam,8821,8314,507,0,0,,,232715,1049,32196,641,74082,1019,123728
/home/cgumbi/methylation/sea_lion/bismark_output/locus002/alignment/37228-HOXB9_S261_L001_R1_trimmed_bismark_bt2_pe.bam,19042,18309,733,0,0,,,616821,23965,152620,392,91754,1629,346461
/home/cgumbi/methylation/sea_lion/bismark_output/locus002/alignment/37228-HSPA2_S453_L001_R1_trimmed_bismark_bt2_pe.bam,19008,16346,2662,0,0,,,590193,49092,100512,491,48562,3448,388088
/home/cgumbi/methylation/sea_lion/bismark_output/locus002/alignment/37228-IGF2BP3_S933_L001_R1_trimmed_bismark_bt2_pe.bam,4826,2695,2131,0,0,,,90336,3428,17131,43,8078,242,61414
/home/cgumbi/methylation/sea_lion/bismark_output/locus002/alignment/37228-LOC1139_S165_L001_R1_trimmed_bismark_bt2_pe.bam,10041,9207,834,0,0,,,303176,6760,85112,457,82091,1021,127735
/home/cgumbi/methylation/sea_lion/bismark_output/locus002/alignment/37228-MDGA_S741_L001_R1_trimmed_bismark_bt2_pe.bam,10503,10180,323,0,0,,,437642,7897,103879,352,70836,2147,252531
/home/cgumbi/methylation/sea_lion/bismark_output/locus002/alignment/37228-OTP_S549_L001_R1_trimmed_bismark_bt2_pe.bam,24505,21664,2841,0,0,,,573402,8486,88334,508,107939,2666,365469
/home/cgumbi/methylation/sea_lion/bismark_output/locus002/alignment/37228-PBX3_S357_L001_R1_trimmed_bismark_bt2_pe.bam,9851,9586,265,0,0,,,201016,17752,1428,771,75674,862,104529
/home/cgumbi/methylation/sea_lion/bismark_output/locus002/alignment/37228-POU4F1_S1029_L001_R1_trimmed_bismark_bt2_pe.bam,21475,20898,577,0,0,,,271525,395,41425,892,82672,590,145551
/home/cgumbi/methylation/sea_lion/bismark_output/locus002/alignment/37228-SLC_S645_L001_R1_trimmed_bismark_bt2_pe.bam,4107,3944,163,0,0,,,200834,7018,40514,311,50719,878,101394
/home/cgumbi/methylation/sea_lion/bismark_output/locus002/alignment/37229-FOXD3_S838_L001_R1_trimmed_bismark_bt2_pe.bam,16979,10601,6378,0,0,,,337553,18961,54046,1607,108226,1751,152962
/home/cgumbi/methylation/sea_lion/bismark_output/locus002/alignment/37229-HCN1_S70_L001_R1_trimmed_bismark_bt2_pe.bam,8016,7639,377,0,0,,,213767,791,29752,546,68098,1109,113471
/home/cgumbi/methylation/sea_lion/bismark_output/locus002/alignment/37229-HOXB9_S262_L001_R1_trimmed_bismark_bt2_pe.bam,15983,15366,617,0,0,,,518027,22462,126086,529,76733,1603,290614
/home/cgumbi/methylation/sea_lion/bismark_output/locus002/alignment/37229-HSPA2_S454_L001_R1_trimmed_bismark_bt2_pe.bam,20067,17392,2675,0,0,,,628314,53034,106435,270,51951,4073,412551
/home/cgumbi/methylation/sea_lion/bismark_output/locus002/alignment/37229-IGF2BP3_S934_L001_R1_trimmed_bismark_bt2_pe.bam,4199,2304,1895,0,0,,,77146,2933,14641,64,6906,156,52446
/home/cgumbi/methylation/sea_lion/bismark_output/locus002/alignment/37229-LOC1139_S166_L001_R1_trimmed_bismark_bt2_pe.bam,10135,9349,786,0,0,,,307793,6763,86470,579,83188,1028,129765
/home/cgumbi/methylation/sea_lion/bismark_output/locus002/alignment/37229-MDGA_S742_L001_R1_trimmed_bismark_bt2_pe.bam,4775,4627,148,0,0,,,198867,3293,47499,132,32226,878,114839
/home/cgumbi/methylation/sea_lion/bismark_output/locus002/alignment/37229-OTP_S550_L001_R1_trimmed_bismark_bt2_pe.bam,22144,19522,2622,0,0,,,516965,7212,80091,541,97285,2693,329143
/home/cgumbi/methylation/sea_lion/bismark_output/locus002/alignment/37229-PBX3_S358_L001_R1_trimmed_bismark_bt2_pe.bam,8393,8192,201,0,0,,,171849,14301,2099,865,64481,871,89232
/home/cgumbi/methylation/sea_lion/bismark_output/locus002/alignment/37229-POU4F1_S1030_L001_R1_trimmed_bismark_bt2_pe.bam,20404,19820,584,0,0,,,257659,439,39237,862,78409,743,137969
/home/cgumbi/methylation/sea_lion/bismark_output/locus002/alignment/37229-SLC_S646_L001_R1_trimmed_bismark_bt2_pe.bam,8659,8453,206,0,0,,,430732,13957,87876,665,108887,1910,217437
/home/cgumbi/methylation/sea_lion/bismark_output/locus002/alignment/37230-FOXD3_S839_L001_R1_trimmed_bismark_bt2_pe.bam,23965,15878,8087,0,0,,,503556,27940,78681,2051,163207,2337,229340
/home/cgumbi/methylation/sea_lion/bismark_output/locus002/alignment/37230-HCN1_S71_L001_R1_trimmed_bismark_bt2_pe.bam,12176,11609,567,0,0,,,324932,1462,44964,902,103487,1219,172898
/home/cgumbi/methylation/sea_lion/bismark_output/locus002/alignment/37230-HOXB9_S263_L001_R1_trimmed_bismark_bt2_pe.bam,23872,22980,892,0,0,,,775336,50861,171954,1101,114848,2888,433684
/home/cgumbi/methylation/sea_lion/bismark_output/locus002/alignment/37230-HSPA2_S455_L001_R1_trimmed_bismark_bt2_pe.bam,23279,22079,1200,0,0,,,798111,68437,134121,508,65799,4181,525065
/home/cgumbi/methylation/sea_lion/bismark_output/locus002/alignment/37230-IGF2BP3_S935_L001_R1_trimmed_bismark_bt2_pe.bam,6586,3752,2834,0,0,,,125658,4875,23724,60,11238,269,85492
/home/cgumbi/methylation/sea_lion/bismark_output/locus002/alignment/37230-LOC1139_S167_L001_R1_trimmed_bismark_bt2_pe.bam,16326,15195,1131,0,0,,,500475,11382,140254,628,135688,1269,211254
/home/cgumbi/methylation/sea_lion/bismark_output/locus002/alignment/37230-MDGA_S743_L001_R1_trimmed_bismark_bt2_pe.bam,15169,14761,408,0,0,,,634601,11563,150503,400,102855,2444,366836
/home/cgumbi/methylation/sea_lion/bismark_output/locus002/alignment/37230-OTP_S551_L001_R1_trimmed_bismark_bt2_pe.bam,29228,25953,3275,0,0,,,687991,10131,105953,709,129635,2506,439057
/home/cgumbi/methylation/sea_lion/bismark_output/locus002/alignment/37230-PBX3_S359_L001_R1_trimmed_bismark_bt2_pe.bam,11416,11169,247,0,0,,,234292,19651,2721,875,88255,1189,121601
/home/cgumbi/methylation/sea_lion/bismark_output/locus002/alignment/37230-POU4F1_S1031_L001_R1_trimmed_bismark_bt2_pe.bam,23663,23037,626,0,0,,,299594,691,45468,981,91179,679,160596
/home/cgumbi/methylation/sea_lion/bismark_output/locus002/alignment/37230-SLC_S647_L001_R1_trimmed_bismark_bt2_pe.bam,15815,15332,483,0,0,,,782651,29152,156451,1225,197698,3397,394728
/home/cgumbi/methylation/sea_lion/bismark_output/locus002/alignment/37231-FOXD3_S840_L001_R1_trimmed_bismark_bt2_pe.bam,675,350,325,0,0,,,11178,536,1916,48,3597,47,5034
/home/cgumbi/methylation/sea_lion/bismark_output/locus002/alignment/37231-HCN1_S72_L001_R1_trimmed_bismark_bt2_pe.bam,11374,10838,536,0,0,,,303359,1628,41712,935,96480,1585,161019
/home/cgumbi/methylation/sea_lion/bismark_output/locus002/alignment/37231-HOXB9_S264_L001_R1_trimmed_bismark_bt2_pe.bam,21683,20900,783,0,0,,,705422,41019,162206,847,103575,2691,395084
/home/cgumbi/methylation/sea_lion/bismark_output/locus002/alignment/37231-HSPA2_S456_L001_R1_trimmed_bismark_bt2_pe.bam,23861,20409,3452,0,0,,,737780,70230,117242,865,60458,4756,484229
/home/cgumbi/methylation/sea_lion/bismark_output/locus002/alignment/37231-IGF2BP3_S936_L001_R1_trimmed_bismark_bt2_pe.bam,6330,3619,2711,0,0,,,121272,4736,22825,77,10868,336,82430
/home/cgumbi/methylation/sea_lion/bismark_output/locus002/alignment/37231-LOC1139_S168_L001_R1_trimmed_bismark_bt2_pe.bam,9051,7776,1275,0,0,,,256077,3439,74134,166,69579,980,107779
/home/cgumbi/methylation/sea_lion/bismark_output/locus002/alignment/37231-MDGA_S744_L001_R1_trimmed_bismark_bt2_pe.bam,11142,10842,300,0,0,,,466214,9990,109098,297,75545,2075,269209
/home/cgumbi/methylation/sea_lion/bismark_output/locus002/alignment/37231-OTP_S552_L001_R1_trimmed_bismark_bt2_pe.bam,12104,152,11952,0,0,,,6174,199,1156,13,1446,32,3328
/home/cgumbi/methylation/sea_lion/bismark_output/locus002/alignment/37231-PBX3_S360_L001_R1_trimmed_bismark_bt2_pe.bam,10893,10632,261,0,0,,,223070,18005,3303,1171,83630,849,116112
/home/cgumbi/methylation/sea_lion/bismark_output/locus002/alignment/37231-POU4F1_S1032_L001_R1_trimmed_bismark_bt2_pe.bam,26518,25690,828,0,0,,,333848,730,50680,1366,101357,1205,178510
/home/cgumbi/methylation/sea_lion/bismark_output/locus002/alignment/37231-SLC_S648_L001_R1_trimmed_bismark_bt2_pe.bam,17901,17406,495,0,0,,,889046,37368,173651,1567,224366,3675,448419
/home/cgumbi/methylation/sea_lion/bismark_output/locus002/alignment/37232-FOXD3_S841_L001_R1_trimmed_bismark_bt2_pe.bam,1089,635,454,0,0,,,20288,1089,3315,58,6511,70,9245
/home/cgumbi/methylation/sea_lion/bismark_output/locus002/alignment/37232-HCN1_S73_L001_R1_trimmed_bismark_bt2_pe.bam,18022,17118,904,0,0,,,479199,2431,66021,980,152976,2565,254226
/home/cgumbi/methylation/sea_lion/bismark_output/locus002/alignment/37232-HOXB9_S265_L001_R1_trimmed_bismark_bt2_pe.bam,1434,1344,90,0,0,,,45367,3134,9935,54,6710,122,25412
/home/cgumbi/methylation/sea_lion/bismark_output/locus002/alignment/37232-HSPA2_S457_L001_R1_trimmed_bismark_bt2_pe.bam,4036,3632,404,0,0,,,131264,11810,21500,72,10968,803,86111
/home/cgumbi/methylation/sea_lion/bismark_output/locus002/alignment/37232-IGF2BP3_S937_L001_R1_trimmed_bismark_bt2_pe.bam,10566,5871,4695,0,0,,,196528,7284,37246,178,17510,325,133985
/home/cgumbi/methylation/sea_lion/bismark_output/locus002/alignment/37232-LOC1139_S169_L001_R1_trimmed_bismark_bt2_pe.bam,22248,20280,1968,0,0,,,667749,14570,187746,607,181241,1656,281929
/home/cgumbi/methylation/sea_lion/bismark_output/locus002/alignment/37232-MDGA_S745_L001_R1_trimmed_bismark_bt2_pe.bam,23529,22841,688,0,0,,,982143,17733,233129,756,159045,4184,567296
/home/cgumbi/methylation/sea_lion/bismark_output/locus002/alignment/37232-OTP_S553_L001_R1_trimmed_bismark_bt2_pe.bam,878,778,100,0,0,,,23770,569,3921,26,4899,108,14247
/home/cgumbi/methylation/sea_lion/bismark_output/locus002/alignment/37232-PBX3_S361_L001_R1_trimmed_bismark_bt2_pe.bam,17794,17314,480,0,0,,,363059,30687,3937,1535,136576,1068,189256
/home/cgumbi/methylation/sea_lion/bismark_output/locus002/alignment/37232-POU4F1_S1033_L001_R1_trimmed_bismark_bt2_pe.bam,66608,64582,2026,0,0,,,839002,3605,125540,2480,255792,748,450837
/home/cgumbi/methylation/sea_lion/bismark_output/locus002/alignment/37232-SLC_S649_L001_R1_trimmed_bismark_bt2_pe.bam,24430,23268,1162,0,0,,,1187423,40428,240805,1188,300771,5260,598971
/home/cgumbi/methylation/sea_lion/bismark_output/locus002/alignment/37233-FOXD3_S842_L001_R1_trimmed_bismark_bt2_pe.bam,36133,22901,13232,0,0,,,725377,37730,122387,2762,235736,2931,323831
/home/cgumbi/methylation/sea_lion/bismark_output/locus002/alignment/37233-HCN1_S74_L001_R1_trimmed_bismark_bt2_pe.bam,19168,18097,1071,0,0,,,506626,2114,70278,1075,161640,2045,269474
/home/cgumbi/methylation/sea_lion/bismark_output/locus002/alignment/37233-HOXB9_S266_L001_R1_trimmed_bismark_bt2_pe.bam,41887,40162,1725,0,0,,,1354339,73605,315274,1975,200245,4324,758916
/home/cgumbi/methylation/sea_lion/bismark_output/locus002/alignment/37233-HSPA2_S458_L001_R1_trimmed_bismark_bt2_pe.bam,52418,47235,5183,0,0,,,1707591,139532,294209,1414,140454,8603,1123379
/home/cgumbi/methylation/sea_lion/bismark_output/locus002/alignment/37233-IGF2BP3_S938_L001_R1_trimmed_bismark_bt2_pe.bam,12171,7048,5123,0,0,,,236001,8446,44991,207,21075,542,160740
/home/cgumbi/methylation/sea_lion/bismark_output/locus002/alignment/37233-LOC1139_S170_L001_R1_trimmed_bismark_bt2_pe.bam,25446,23357,2089,0,0,,,768954,16381,216597,1415,207920,2127,324514
/home/cgumbi/methylation/sea_lion/bismark_output/locus002/alignment/37233-MDGA_S746_L001_R1_trimmed_bismark_bt2_pe.bam,24159,23427,732,0,0,,,1007258,16210,241064,551,163308,3750,582375
/home/cgumbi/methylation/sea_lion/bismark_output/locus002/alignment/37233-OTP_S554_L001_R1_trimmed_bismark_bt2_pe.bam,497,421,76,0,0,,,14459,351,2589,23,3135,62,8299
/home/cgumbi/methylation/sea_lion/bismark_output/locus002/alignment/37233-PBX3_S362_L001_R1_trimmed_bismark_bt2_pe.bam,16121,15755,366,0,0,,,330731,27054,4569,1592,124164,1577,171775
/home/cgumbi/methylation/sea_lion/bismark_output/locus002/alignment/37233-POU4F1_S1034_L001_R1_trimmed_bismark_bt2_pe.bam,64325,62461,1864,0,0,,,811866,1109,123877,2062,247829,1603,435386
/home/cgumbi/methylation/sea_lion/bismark_output/locus002/alignment/37233-SLC_S650_L001_R1_trimmed_bismark_bt2_pe.bam,29422,28492,930,0,0,,,1453060,45202,298328,2162,367489,5785,734094
/home/cgumbi/methylation/sea_lion/bismark_output/locus002/alignment/37234-FOXD3_S843_L001_R1_trimmed_bismark_bt2_pe.bam,21869,13553,8316,0,0,,,429680,21885,75126,1536,139873,1713,189547
/home/cgumbi/methylation/sea_lion/bismark_output/locus002/alignment/37234-HCN1_S75_L001_R1_trimmed_bismark_bt2_pe.bam,11687,11126,561,0,0,,,311401,935,43589,731,99235,1684,165227
/home/cgumbi/methylation/sea_lion/bismark_output/locus002/alignment/37234-HOXB9_S267_L001_R1_trimmed_bismark_bt2_pe.bam,553,418,135,0,0,,,13796,743,2930,13,2829,42,7239
/home/cgumbi/methylation/sea_lion/bismark_output/locus002/alignment/37234-HSPA2_S459_L001_R1_trimmed_bismark_bt2_pe.bam,26859,23248,3611,0,0,,,838986,63496,148797,316,69527,4662,552188
/home/cgumbi/methylation/sea_lion/bismark_output/locus002/alignment/37234-IGF2BP3_S939_L001_R1_trimmed_bismark_bt2_pe.bam,6315,3493,2822,0,0,,,116968,4342,22173,68,10455,229,79701
/home/cgumbi/methylation/sea_lion/bismark_output/locus002/alignment/37234-LOC1139_S171_L001_R1_trimmed_bismark_bt2_pe.bam,11902,10992,910,0,0,,,361828,7167,102467,525,97975,914,152780
/home/cgumbi/methylation/sea_lion/bismark_output/locus002/alignment/37234-MDGA_S747_L001_R1_trimmed_bismark_bt2_pe.bam,13793,13355,438,0,0,,,574250,10299,136377,332,93095,2734,331413
/home/cgumbi/methylation/sea_lion/bismark_output/locus002/alignment/37234-OTP_S555_L001_R1_trimmed_bismark_bt2_pe.bam,22488,19650,2838,0,0,,,520546,6974,80890,534,98028,2128,331992
/home/cgumbi/methylation/sea_lion/bismark_output/locus002/alignment/37234-PBX3_S363_L001_R1_trimmed_bismark_bt2_pe.bam,9645,9391,254,0,0,,,197008,17043,1770,981,73933,867,102414
/home/cgumbi/methylation/sea_lion/bismark_output/locus002/alignment/37234-POU4F1_S1035_L001_R1_trimmed_bismark_bt2_pe.bam,27056,26303,753,0,0,,,341784,732,51887,716,104456,655,183338
/home/cgumbi/methylation/sea_lion/bismark_output/locus002/alignment/37234-SLC_S651_L001_R1_trimmed_bismark_bt2_pe.bam,11438,11024,414,0,0,,,562222,18650,114376,736,142252,2187,284021
/home/cgumbi/methylation/sea_lion/bismark_output/locus002/alignment/37235-FOXD3_S844_L001_R1_trimmed_bismark_bt2_pe.bam,21313,14645,6668,0,0,,,464763,26442,67598,1351,150279,1732,217361
/home/cgumbi/methylation/sea_lion/bismark_output/locus002/alignment/37235-HCN1_S76_L001_R1_trimmed_bismark_bt2_pe.bam,13030,12398,632,0,0,,,346979,1214,48329,778,110660,1065,184933
/home/cgumbi/methylation/sea_lion/bismark_output/locus002/alignment/37235-HOXB9_S268_L001_R1_trimmed_bismark_bt2_pe.bam,8610,8224,386,0,0,,,277071,14057,65212,327,41610,920,154945
/home/cgumbi/methylation/sea_lion/bismark_output/locus002/alignment/37235-HSPA2_S460_L001_R1_trimmed_bismark_bt2_pe.bam,31736,30329,1407,0,0,,,1095552,91837,185673,751,90313,4946,722032
/home/cgumbi/methylation/sea_lion/bismark_output/locus002/alignment/37235-IGF2BP3_S940_L001_R1_trimmed_bismark_bt2_pe.bam,7205,3981,3224,0,0,,,133181,4738,25494,83,11882,231,90753
/home/cgumbi/methylation/sea_lion/bismark_output/locus002/alignment/37235-LOC1139_S172_L001_R1_trimmed_bismark_bt2_pe.bam,12880,12042,838,0,0,,,396665,8014,112174,433,107603,714,167727
/home/cgumbi/methylation/sea_lion/bismark_output/locus002/alignment/37235-MDGA_S748_L001_R1_trimmed_bismark_bt2_pe.bam,15176,14719,457,0,0,,,632862,11017,150605,406,102566,2092,366176
/home/cgumbi/methylation/sea_lion/bismark_output/locus002/alignment/37235-OTP_S556_L001_R1_trimmed_bismark_bt2_pe.bam,35581,31703,3878,0,0,,,838556,11357,129738,853,157764,3585,535259
/home/cgumbi/methylation/sea_lion/bismark_output/locus002/alignment/37235-PBX3_S364_L001_R1_trimmed_bismark_bt2_pe.bam,11252,10997,255,0,0,,,230723,18830,3177,786,86970,915,120045
/home/cgumbi/methylation/sea_lion/bismark_output/locus002/alignment/37235-POU4F1_S1036_L001_R1_trimmed_bismark_bt2_pe.bam,31004,30303,701,0,0,,,393822,393,60233,859,120355,749,211233
/home/cgumbi/methylation/sea_lion/bismark_output/locus002/alignment/37235-SLC_S652_L001_R1_trimmed_bismark_bt2_pe.bam,5088,4934,154,0,0,,,251446,8177,51290,317,63617,882,127163
/home/cgumbi/methylation/sea_lion/bismark_output/locus002/alignment/37236-FOXD3_S845_L001_R1_trimmed_bismark_bt2_pe.bam,12411,8151,4260,0,0,,,258574,14417,40362,877,83836,1000,118082
/home/cgumbi/methylation/sea_lion/bismark_output/locus002/alignment/37236-HCN1_S77_L001_R1_trimmed_bismark_bt2_pe.bam,7693,7298,395,0,0,,,204277,688,28498,421,65198,797,108675
/home/cgumbi/methylation/sea_lion/bismark_output/locus002/alignment/37236-HOXB9_S269_L001_R1_trimmed_bismark_bt2_pe.bam,446,370,76,0,0,,,12306,804,2489,22,2328,31,6632
/home/cgumbi/methylation/sea_lion/bismark_output/locus002/alignment/37236-HSPA2_S461_L001_R1_trimmed_bismark_bt2_pe.bam,15134,14096,1038,0,0,,,509293,43348,85837,299,42024,2695,335090
/home/cgumbi/methylation/sea_lion/bismark_output/locus002/alignment/37236-IGF2BP3_S941_L001_R1_trimmed_bismark_bt2_pe.bam,4748,2618,2130,0,0,,,87576,3206,16646,42,7830,190,59662
/home/cgumbi/methylation/sea_lion/bismark_output/locus002/alignment/37236-LOC1139_S173_L001_R1_trimmed_bismark_bt2_pe.bam,10578,9846,732,0,0,,,324170,6852,91404,450,87827,826,136811
/home/cgumbi/methylation/sea_lion/bismark_output/locus002/alignment/37236-MDGA_S749_L001_R1_trimmed_bismark_bt2_pe.bam,8049,7836,213,0,0,,,336887,6162,79869,179,54627,1030,195020
/home/cgumbi/methylation/sea_lion/bismark_output/locus002/alignment/37236-OTP_S557_L001_R1_trimmed_bismark_bt2_pe.bam,19825,17662,2163,0,0,,,467225,6519,72052,363,88075,1811,298405
/home/cgumbi/methylation/sea_lion/bismark_output/locus002/alignment/37236-PBX3_S365_L001_R1_trimmed_bismark_bt2_pe.bam,7938,7757,181,0,0,,,162607,14170,1336,424,61418,569,84690
/home/cgumbi/methylation/sea_lion/bismark_output/locus002/alignment/37236-POU4F1_S1037_L001_R1_trimmed_bismark_bt2_pe.bam,23453,22861,592,0,0,,,297127,399,45326,794,90681,560,159367
/home/cgumbi/methylation/sea_lion/bismark_output/locus002/alignment/37236-SLC_S653_L001_R1_trimmed_bismark_bt2_pe.bam,5761,5616,145,0,0,,,286547,9724,58134,402,72448,993,144846
/home/cgumbi/methylation/sea_lion/bismark_output/locus002/alignment/37237-FOXD3_S846_L001_R1_trimmed_bismark_bt2_pe.bam,10151,6341,3810,0,0,,,197756,9670,35799,818,64937,623,85909
/home/cgumbi/methylation/sea_lion/bismark_output/locus002/alignment/37237-HCN1_S78_L001_R1_trimmed_bismark_bt2_pe.bam,6862,6474,388,0,0,,,181229,85,25809,558,57644,1009,96124
/home/cgumbi/methylation/sea_lion/bismark_output/locus002/alignment/37237-HOXB9_S270_L001_R1_trimmed_bismark_bt2_pe.bam,467,406,61,0,0,,,13551,543,3256,17,2345,22,7368
/home/cgumbi/methylation/sea_lion/bismark_output/locus002/alignment/37237-HSPA2_S462_L001_R1_trimmed_bismark_bt2_pe.bam,13670,12165,1505,0,0,,,439157,25864,85359,45,36482,1336,290071
/home/cgumbi/methylation/sea_lion/bismark_output/locus002/alignment/37237-IGF2BP3_S942_L001_R1_trimmed_bismark_bt2_pe.bam,4193,2291,1902,0,0,,,76905,3078,14440,19,6916,242,52210
/home/cgumbi/methylation/sea_lion/bismark_output/locus002/alignment/37237-LOC1139_S174_L001_R1_trimmed_bismark_bt2_pe.bam,7056,6462,594,0,0,,,212863,3693,60838,332,57630,559,89811
/home/cgumbi/methylation/sea_lion/bismark_output/locus002/alignment/37237-MDGA_S750_L001_R1_trimmed_bismark_bt2_pe.bam,10071,9749,322,0,0,,,419232,5050,102015,531,67671,1359,242606
/home/cgumbi/methylation/sea_lion/bismark_output/locus002/alignment/37237-OTP_S558_L001_R1_trimmed_bismark_bt2_pe.bam,692,597,95,0,0,,,16730,199,2757,16,3269,50,10439
/home/cgumbi/methylation/sea_lion/bismark_output/locus002/alignment/37237-PBX3_S366_L001_R1_trimmed_bismark_bt2_pe.bam,5536,5286,250,0,0,,,110835,7467,3105,353,41816,457,57637
/home/cgumbi/methylation/sea_lion/bismark_output/locus002/alignment/37237-POU4F1_S1038_L001_R1_trimmed_bismark_bt2_pe.bam,16392,15885,507,0,0,,,206383,83,31684,182,63351,84,110999
/home/cgumbi/methylation/sea_lion/bismark_output/locus002/alignment/37237-SLC_S654_L001_R1_trimmed_bismark_bt2_pe.bam,9239,8684,555,0,0,,,442528,10000,94337,619,112057,1534,223981
/home/cgumbi/methylation/sea_lion/bismark_output/locus002/alignment/37238-FOXD3_S847_L001_R1_trimmed_bismark_bt2_pe.bam,12569,7973,4596,0,0,,,251683,13582,43181,849,82742,907,110422
/home/cgumbi/methylation/sea_lion/bismark_output/locus002/alignment/37238-HCN1_S79_L001_R1_trimmed_bismark_bt2_pe.bam,5914,5634,280,0,0,,,157617,617,21899,358,50285,604,83854
/home/cgumbi/methylation/sea_lion/bismark_output/locus002/alignment/37238-HOXB9_S271_L001_R1_trimmed_bismark_bt2_pe.bam,10527,10057,470,0,0,,,339280,20836,76741,265,50327,1007,190104
/home/cgumbi/methylation/sea_lion/bismark_output/locus002/alignment/37238-HSPA2_S463_L001_R1_trimmed_bismark_bt2_pe.bam,14122,12363,1759,0,0,,,446918,39045,74596,172,36942,2297,293866
/home/cgumbi/methylation/sea_lion/bismark_output/locus002/alignment/37238-IGF2BP3_S943_L001_R1_trimmed_bismark_bt2_pe.bam,3806,2137,1669,0,0,,,71622,2885,13417,46,6382,165,48727
/home/cgumbi/methylation/sea_lion/bismark_output/locus002/alignment/37238-LOC1139_S175_L001_R1_trimmed_bismark_bt2_pe.bam,6866,6309,557,0,0,,,207640,3615,59317,350,56189,593,87576
/home/cgumbi/methylation/sea_lion/bismark_output/locus002/alignment/37238-MDGA_S751_L001_R1_trimmed_bismark_bt2_pe.bam,6780,6584,196,0,0,,,283092,5485,66810,133,45926,1213,163525
/home/cgumbi/methylation/sea_lion/bismark_output/locus002/alignment/37238-OTP_S559_L001_R1_trimmed_bismark_bt2_pe.bam,214,171,43,0,0,,,4883,127,762,2,981,24,2987
/home/cgumbi/methylation/sea_lion/bismark_output/locus002/alignment/37238-PBX3_S367_L001_R1_trimmed_bismark_bt2_pe.bam,5756,5627,129,0,0,,,118003,9625,1622,317,44587,403,61449
/home/cgumbi/methylation/sea_lion/bismark_output/locus002/alignment/37238-POU4F1_S1039_L001_R1_trimmed_bismark_bt2_pe.bam,14472,14067,405,0,0,,,182863,398,27774,591,55701,309,98090
/home/cgumbi/methylation/sea_lion/bismark_output/locus002/alignment/37238-SLC_S655_L001_R1_trimmed_bismark_bt2_pe.bam,3831,3701,130,0,0,,,188795,5726,38939,246,47783,726,95375
/home/cgumbi/methylation/sea_lion/bismark_output/locus002/alignment/37239-FOXD3_S848_L001_R1_trimmed_bismark_bt2_pe.bam,19314,11891,7423,0,0,,,376441,18254,69039,912,123768,1336,163132
/home/cgumbi/methylation/sea_lion/bismark_output/locus002/alignment/37239-HCN1_S80_L001_R1_trimmed_bismark_bt2_pe.bam,8573,8112,461,0,0,,,227119,550,31891,612,72275,677,121114
/home/cgumbi/methylation/sea_lion/bismark_output/locus002/alignment/37239-HOXB9_S272_L001_R1_trimmed_bismark_bt2_pe.bam,650,547,103,0,0,,,18252,916,4113,31,3358,67,9767
/home/cgumbi/methylation/sea_lion/bismark_output/locus002/alignment/37239-HSPA2_S464_L001_R1_trimmed_bismark_bt2_pe.bam,16187,12587,3600,0,0,,,454268,31602,83317,268,37609,2208,299264
/home/cgumbi/methylation/sea_lion/bismark_output/locus002/alignment/37239-IGF2BP3_S944_L001_R1_trimmed_bismark_bt2_pe.bam,4734,2651,2083,0,0,,,88729,3305,16779,16,7976,150,60503
/home/cgumbi/methylation/sea_lion/bismark_output/locus002/alignment/37239-LOC1139_S176_L001_R1_trimmed_bismark_bt2_pe.bam,10374,9588,786,0,0,,,315804,6180,89530,476,85535,602,133481
/home/cgumbi/methylation/sea_lion/bismark_output/locus002/alignment/37239-MDGA_S752_L001_R1_trimmed_bismark_bt2_pe.bam,11440,11039,401,0,0,,,474623,8661,112534,192,77044,2097,274095
/home/cgumbi/methylation/sea_lion/bismark_output/locus002/alignment/37239-OTP_S560_L001_R1_trimmed_bismark_bt2_pe.bam,16881,14756,2125,0,0,,,391301,5713,60443,343,73800,1456,249546
/home/cgumbi/methylation/sea_lion/bismark_output/locus002/alignment/37239-PBX3_S368_L001_R1_trimmed_bismark_bt2_pe.bam,7915,7727,188,0,0,,,162058,13381,2076,382,61269,594,84356
/home/cgumbi/methylation/sea_lion/bismark_output/locus002/alignment/37239-POU4F1_S1040_L001_R1_trimmed_bismark_bt2_pe.bam,19981,19391,590,0,0,,,252020,415,38383,590,76996,462,135174
/home/cgumbi/methylation/sea_lion/bismark_output/locus002/alignment/37239-SLC_S656_L001_R1_trimmed_bismark_bt2_pe.bam,12057,11720,337,0,0,,,597908,21058,120563,896,151116,2152,302123
/home/cgumbi/methylation/sea_lion/bismark_output/locus002/alignment/37240-FOXD3_S849_L001_R1_trimmed_bismark_bt2_pe.bam,632,256,376,0,0,,,8116,425,1373,34,2610,33,3641
/home/cgumbi/methylation/sea_lion/bismark_output/locus002/alignment/37240-HCN1_S81_L001_R1_trimmed_bismark_bt2_pe.bam,10804,10285,519,0,0,,,287924,1410,39735,803,91677,1685,152614
/home/cgumbi/methylation/sea_lion/bismark_output/locus002/alignment/37240-HOXB9_S273_L001_R1_trimmed_bismark_bt2_pe.bam,11518,11055,463,0,0,,,373053,24127,83248,702,54532,1431,209013
/home/cgumbi/methylation/sea_lion/bismark_output/locus002/alignment/37240-HSPA2_S465_L001_R1_trimmed_bismark_bt2_pe.bam,943,828,115,0,0,,,29751,2408,5086,12,2567,202,19476
/home/cgumbi/methylation/sea_lion/bismark_output/locus002/alignment/37240-IGF2BP3_S945_L001_R1_trimmed_bismark_bt2_pe.bam,8205,4608,3597,0,0,,,154405,5919,29083,153,13758,553,104939
/home/cgumbi/methylation/sea_lion/bismark_output/locus002/alignment/37240-LOC1139_S177_L001_R1_trimmed_bismark_bt2_pe.bam,13902,12827,1075,0,0,,,422062,7298,120581,826,114094,1378,177885
/home/cgumbi/methylation/sea_lion/bismark_output/locus002/alignment/37240-MDGA_S753_L001_R1_trimmed_bismark_bt2_pe.bam,15522,14995,527,0,0,,,644733,11615,153022,419,104440,4531,370706
/home/cgumbi/methylation/sea_lion/bismark_output/locus002/alignment/37240-OTP_S561_L001_R1_trimmed_bismark_bt2_pe.bam,14803,12930,1873,0,0,,,343416,5551,52623,407,64707,2008,218120
/home/cgumbi/methylation/sea_lion/bismark_output/locus002/alignment/37240-PBX3_S369_L001_R1_trimmed_bismark_bt2_pe.bam,2888,2813,75,0,0,,,59148,4741,964,336,22091,369,30647
/home/cgumbi/methylation/sea_lion/bismark_output/locus002/alignment/37240-POU4F1_S1041_L001_R1_trimmed_bismark_bt2_pe.bam,26687,25918,769,0,0,,,336861,784,51102,1353,102340,443,180839
/home/cgumbi/methylation/sea_lion/bismark_output/locus002/alignment/37240-SLC_S657_L001_R1_trimmed_bismark_bt2_pe.bam,14335,13833,502,0,0,,,705462,20955,145871,1475,178000,3670,355491
/home/cgumbi/methylation/sea_lion/bismark_output/locus002/alignment/37241-FOXD3_S850_L001_R1_trimmed_bismark_bt2_pe.bam,19697,12907,6790,0,0,,,408646,22819,65779,1959,133015,2481,182593
/home/cgumbi/methylation/sea_lion/bismark_output/locus002/alignment/37241-HCN1_S82_L001_R1_trimmed_bismark_bt2_pe.bam,10703,10136,567,0,0,,,283596,1646,38831,933,90180,1726,150280
/home/cgumbi/methylation/sea_lion/bismark_output/locus002/alignment/37241-HOXB9_S274_L001_R1_trimmed_bismark_bt2_pe.bam,19261,18388,873,0,0,,,620489,49168,129561,902,91731,2295,346832
/home/cgumbi/methylation/sea_lion/bismark_output/locus002/alignment/37241-HSPA2_S466_L001_R1_trimmed_bismark_bt2_pe.bam,485,418,67,0,0,,,15150,1409,2441,10,1356,96,9838
/home/cgumbi/methylation/sea_lion/bismark_output/locus002/alignment/37241-IGF2BP3_S946_L001_R1_trimmed_bismark_bt2_pe.bam,4522,2497,2025,0,0,,,83674,3424,15643,45,7485,318,56759
/home/cgumbi/methylation/sea_lion/bismark_output/locus002/alignment/37241-LOC1139_S178_L001_R1_trimmed_bismark_bt2_pe.bam,13123,12071,1052,0,0,,,397457,9530,110915,675,107537,1385,167415
/home/cgumbi/methylation/sea_lion/bismark_output/locus002/alignment/37241-MDGA_S754_L001_R1_trimmed_bismark_bt2_pe.bam,11789,11434,355,0,0,,,491604,11170,114383,393,79580,3065,283013
/home/cgumbi/methylation/sea_lion/bismark_output/locus002/alignment/37241-OTP_S562_L001_R1_trimmed_bismark_bt2_pe.bam,24431,21583,2848,0,0,,,571914,11013,85524,912,107397,3561,363507
/home/cgumbi/methylation/sea_lion/bismark_output/locus002/alignment/37241-PBX3_S370_L001_R1_trimmed_bismark_bt2_pe.bam,9312,9091,221,0,0,,,190663,16459,1727,970,71561,1144,98802
/home/cgumbi/methylation/sea_lion/bismark_output/locus002/alignment/37241-POU4F1_S1042_L001_R1_trimmed_bismark_bt2_pe.bam,23585,22874,711,0,0,,,297214,909,44847,1093,90409,874,159082
/home/cgumbi/methylation/sea_lion/bismark_output/locus002/alignment/37241-SLC_S658_L001_R1_trimmed_bismark_bt2_pe.bam,13282,12852,430,0,0,,,655663,25081,130156,1044,165714,3169,330499
/home/cgumbi/methylation/sea_lion/bismark_output/locus002/alignment/37242-FOXD3_S851_L001_R1_trimmed_bismark_bt2_pe.bam,9883,5965,3918,0,0,,,189592,12106,28342,877,60358,994,86915
/home/cgumbi/methylation/sea_lion/bismark_output/locus002/alignment/37242-HCN1_S83_L001_R1_trimmed_bismark_bt2_pe.bam,8838,8413,425,0,0,,,235485,1189,32444,763,74918,1258,124913
/home/cgumbi/methylation/sea_lion/bismark_output/locus002/alignment/37242-HOXB9_S275_L001_R1_trimmed_bismark_bt2_pe.bam,14975,14301,674,0,0,,,482104,28512,109908,723,71059,1910,269992
/home/cgumbi/methylation/sea_lion/bismark_output/locus002/alignment/37242-HSPA2_S467_L001_R1_trimmed_bismark_bt2_pe.bam,205,169,36,0,0,,,5918,572,906,5,544,43,3848
/home/cgumbi/methylation/sea_lion/bismark_output/locus002/alignment/37242-IGF2BP3_S947_L001_R1_trimmed_bismark_bt2_pe.bam,2499,1391,1108,0,0,,,46725,1895,8795,49,4174,129,31683
/home/cgumbi/methylation/sea_lion/bismark_output/locus002/alignment/37242-LOC1139_S179_L001_R1_trimmed_bismark_bt2_pe.bam,7238,6659,579,0,0,,,219232,5361,61063,456,59234,759,92359
/home/cgumbi/methylation/sea_lion/bismark_output/locus002/alignment/37242-MDGA_S755_L001_R1_trimmed_bismark_bt2_pe.bam,4256,4129,127,0,0,,,177491,3727,41599,166,28715,998,102286
/home/cgumbi/methylation/sea_lion/bismark_output/locus002/alignment/37242-OTP_S563_L001_R1_trimmed_bismark_bt2_pe.bam,374,320,54,0,0,,,8907,191,1378,11,1732,48,5547
/home/cgumbi/methylation/sea_lion/bismark_output/locus002/alignment/37242-PBX3_S371_L001_R1_trimmed_bismark_bt2_pe.bam,6907,6732,175,0,0,,,141113,11457,1995,809,52869,765,73218
/home/cgumbi/methylation/sea_lion/bismark_output/locus002/alignment/37242-POU4F1_S1043_L001_R1_trimmed_bismark_bt2_pe.bam,8048,7824,224,0,0,,,101686,201,15458,349,30936,175,54567
/home/cgumbi/methylation/sea_lion/bismark_output/locus002/alignment/37242-SLC_S659_L001_R1_trimmed_bismark_bt2_pe.bam,6635,6432,203,0,0,,,328352,12765,65099,538,82917,1723,165310
/home/cgumbi/methylation/sea_lion/bismark_output/locus002/alignment/37243-FOXD3_S852_L001_R1_trimmed_bismark_bt2_pe.bam,13876,8610,5266,0,0,,,272714,14557,45708,1201,88360,1322,121566
/home/cgumbi/methylation/sea_lion/bismark_output/locus002/alignment/37243-HCN1_S84_L001_R1_trimmed_bismark_bt2_pe.bam,7205,6833,372,0,0,,,191261,760,26572,478,60946,970,101535
/home/cgumbi/methylation/sea_lion/bismark_output/locus002/alignment/37243-HOXB9_S276_L001_R1_trimmed_bismark_bt2_pe.bam,10939,10437,502,0,0,,,351590,18148,82589,537,52080,1266,196970
/home/cgumbi/methylation/sea_lion/bismark_output/locus002/alignment/37243-HSPA2_S468_L001_R1_trimmed_bismark_bt2_pe.bam,16123,14626,1497,0,0,,,528628,41968,92247,266,43697,2744,347706
/home/cgumbi/methylation/sea_lion/bismark_output/locus002/alignment/37243-IGF2BP3_S948_L001_R1_trimmed_bismark_bt2_pe.bam,3478,1969,1509,0,0,,,65907,2505,12459,54,5908,180,44801
/home/cgumbi/methylation/sea_lion/bismark_output/locus002/alignment/37243-LOC1139_S180_L001_R1_trimmed_bismark_bt2_pe.bam,8468,7770,698,0,0,,,255762,4977,72512,376,69266,736,107895
/home/cgumbi/methylation/sea_lion/bismark_output/locus002/alignment/37243-MDGA_S756_L001_R1_trimmed_bismark_bt2_pe.bam,7312,7062,250,0,0,,,303599,5346,72169,204,49196,1328,175356
/home/cgumbi/methylation/sea_lion/bismark_output/locus002/alignment/37243-OTP_S564_L001_R1_trimmed_bismark_bt2_pe.bam,15496,13653,1843,0,0,,,362283,5333,55905,393,68266,1887,230499
/home/cgumbi/methylation/sea_lion/bismark_output/locus002/alignment/37243-PBX3_S372_L001_R1_trimmed_bismark_bt2_pe.bam,5611,5481,130,0,0,,,114985,9414,1578,459,43242,549,59743
/home/cgumbi/methylation/sea_lion/bismark_output/locus002/alignment/37243-POU4F1_S1044_L001_R1_trimmed_bismark_bt2_pe.bam,14316,13885,431,0,0,,,180581,349,27473,488,55105,572,96594
/home/cgumbi/methylation/sea_lion/bismark_output/locus002/alignment/37243-SLC_S660_L001_R1_trimmed_bismark_bt2_pe.bam,9380,9085,295,0,0,,,463232,14789,94814,909,116900,2259,233561
/home/cgumbi/methylation/sea_lion/bismark_output/locus002/alignment/37244-FOXD3_S853_L001_R1_trimmed_bismark_bt2_pe.bam,7442,4723,2719,0,0,,,150166,8444,24733,712,48502,778,66997
/home/cgumbi/methylation/sea_lion/bismark_output/locus002/alignment/37244-HCN1_S85_L001_R1_trimmed_bismark_bt2_pe.bam,3618,3339,279,0,0,,,93491,384,12984,263,29750,445,49665
/home/cgumbi/methylation/sea_lion/bismark_output/locus002/alignment/37244-HOXB9_S277_L001_R1_trimmed_bismark_bt2_pe.bam,6060,5803,257,0,0,,,195453,11052,44931,159,29073,798,109440
/home/cgumbi/methylation/sea_lion/bismark_output/locus002/alignment/37244-HSPA2_S469_L001_R1_trimmed_bismark_bt2_pe.bam,6623,5927,696,0,0,,,214324,23023,31572,192,17659,1223,140655
/home/cgumbi/methylation/sea_lion/bismark_output/locus002/alignment/37244-IGF2BP3_S949_L001_R1_trimmed_bismark_bt2_pe.bam,1771,985,786,0,0,,,33034,1337,6183,25,2973,83,22433
/home/cgumbi/methylation/sea_lion/bismark_output/locus002/alignment/37244-LOC1139_S181_L001_R1_trimmed_bismark_bt2_pe.bam,4485,4149,336,0,0,,,136548,2615,38744,302,36861,473,57553
/home/cgumbi/methylation/sea_lion/bismark_output/locus002/alignment/37244-MDGA_S757_L001_R1_trimmed_bismark_bt2_pe.bam,4637,4507,130,0,0,,,193771,3652,45838,191,31333,967,111790
/home/cgumbi/methylation/sea_lion/bismark_output/locus002/alignment/37244-OTP_S565_L001_R1_trimmed_bismark_bt2_pe.bam,7560,6656,904,0,0,,,176455,3069,26757,155,33261,1004,112209
/home/cgumbi/methylation/sea_lion/bismark_output/locus002/alignment/37244-PBX3_S373_L001_R1_trimmed_bismark_bt2_pe.bam,3115,3021,94,0,0,,,63351,5434,611,282,23789,252,32983
/home/cgumbi/methylation/sea_lion/bismark_output/locus002/alignment/37244-POU4F1_S1045_L001_R1_trimmed_bismark_bt2_pe.bam,7550,7344,206,0,0,,,95418,190,14504,247,29117,193,51167
/home/cgumbi/methylation/sea_lion/bismark_output/locus002/alignment/37244-SLC_S661_L001_R1_trimmed_bismark_bt2_pe.bam,4537,4373,164,0,0,,,223090,7792,45058,261,56472,907,112600
/home/cgumbi/methylation/sea_lion/bismark_output/locus002/alignment/37245-FOXD3_S854_L001_R1_trimmed_bismark_bt2_pe.bam,8304,5312,2992,0,0,,,168780,8948,27723,715,54785,876,75733
/home/cgumbi/methylation/sea_lion/bismark_output/locus002/alignment/37245-HCN1_S86_L001_R1_trimmed_bismark_bt2_pe.bam,4016,3796,220,0,0,,,106171,355,14775,267,33857,525,56392
/home/cgumbi/methylation/sea_lion/bismark_output/locus002/alignment/37245-HOXB9_S278_L001_R1_trimmed_bismark_bt2_pe.bam,7593,7260,333,0,0,,,244648,12778,57402,236,36317,761,137154
/home/cgumbi/methylation/sea_lion/bismark_output/locus002/alignment/37245-HSPA2_S470_L001_R1_trimmed_bismark_bt2_pe.bam,7554,6665,889,0,0,,,240828,21155,39979,190,19855,1520,158129
/home/cgumbi/methylation/sea_lion/bismark_output/locus002/alignment/37245-IGF2BP3_S950_L001_R1_trimmed_bismark_bt2_pe.bam,2545,1466,1079,0,0,,,49170,1892,9315,25,4405,140,33393
/home/cgumbi/methylation/sea_lion/bismark_output/locus002/alignment/37245-LOC1139_S182_L001_R1_trimmed_bismark_bt2_pe.bam,4191,3812,379,0,0,,,125491,2464,35557,220,33936,364,52950
/home/cgumbi/methylation/sea_lion/bismark_output/locus002/alignment/37245-MDGA_S758_L001_R1_trimmed_bismark_bt2_pe.bam,5270,5091,179,0,0,,,218908,3945,51951,125,35484,1028,126375
/home/cgumbi/methylation/sea_lion/bismark_output/locus002/alignment/37245-OTP_S566_L001_R1_trimmed_bismark_bt2_pe.bam,8861,7851,1010,0,0,,,208128,2909,32273,240,39182,1085,132439
/home/cgumbi/methylation/sea_lion/bismark_output/locus002/alignment/37245-PBX3_S374_L001_R1_trimmed_bismark_bt2_pe.bam,3915,3823,92,0,0,,,80224,6782,884,303,30193,358,41704
/home/cgumbi/methylation/sea_lion/bismark_output/locus002/alignment/37245-POU4F1_S1046_L001_R1_trimmed_bismark_bt2_pe.bam,7256,7047,209,0,0,,,91701,214,13932,323,27882,187,49163
/home/cgumbi/methylation/sea_lion/bismark_output/locus002/alignment/37245-SLC_S662_L001_R1_trimmed_bismark_bt2_pe.bam,5154,4994,160,0,0,,,254758,8667,51629,368,64420,1170,128504
/home/cgumbi/methylation/sea_lion/bismark_output/locus002/alignment/37246-FOXD3_S855_L001_R1_trimmed_bismark_bt2_pe.bam,11395,7086,4309,0,0,,,225161,12784,36110,1083,72250,1364,101570
/home/cgumbi/methylation/sea_lion/bismark_output/locus002/alignment/37246-HCN1_S87_L001_R1_trimmed_bismark_bt2_pe.bam,5866,5560,306,0,0,,,155573,734,21474,601,49366,857,82541
/home/cgumbi/methylation/sea_lion/bismark_output/locus002/alignment/37246-HOXB9_S279_L001_R1_trimmed_bismark_bt2_pe.bam,8532,8144,388,0,0,,,274609,18048,60889,390,40624,1084,153574
/home/cgumbi/methylation/sea_lion/bismark_output/locus002/alignment/37246-HSPA2_S471_L001_R1_trimmed_bismark_bt2_pe.bam,332,290,42,0,0,,,10263,844,1720,12,930,48,6709
/home/cgumbi/methylation/sea_lion/bismark_output/locus002/alignment/37246-IGF2BP3_S951_L001_R1_trimmed_bismark_bt2_pe.bam,2762,1549,1213,0,0,,,51827,1974,9784,21,4667,161,35220
/home/cgumbi/methylation/sea_lion/bismark_output/locus002/alignment/37246-LOC1139_S183_L001_R1_trimmed_bismark_bt2_pe.bam,7035,6420,615,0,0,,,211254,4368,59634,482,57041,755,88974
/home/cgumbi/methylation/sea_lion/bismark_output/locus002/alignment/37246-MDGA_S759_L001_R1_trimmed_bismark_bt2_pe.bam,6365,6137,228,0,0,,,263737,4669,62690,253,42652,1571,151902
/home/cgumbi/methylation/sea_lion/bismark_output/locus002/alignment/37246-OTP_S567_L001_R1_trimmed_bismark_bt2_pe.bam,13042,11419,1623,0,0,,,302436,3748,47278,355,56914,1590,192551
/home/cgumbi/methylation/sea_lion/bismark_output/locus002/alignment/37246-PBX3_S375_L001_R1_trimmed_bismark_bt2_pe.bam,5049,4929,120,0,0,,,103347,8554,1314,577,38710,509,53683
/home/cgumbi/methylation/sea_lion/bismark_output/locus002/alignment/37246-POU4F1_S1047_L001_R1_trimmed_bismark_bt2_pe.bam,13880,13452,428,0,0,,,174914,406,26536,785,53034,410,93743
/home/cgumbi/methylation/sea_lion/bismark_output/locus002/alignment/37246-SLC_S663_L001_R1_trimmed_bismark_bt2_pe.bam,6404,6150,254,0,0,,,313426,9870,64218,421,79308,1618,157991
/home/cgumbi/methylation/sea_lion/bismark_output/locus002/alignment/37247-FOXD3_S856_L001_R1_trimmed_bismark_bt2_pe.bam,14112,8793,5319,0,0,,,279413,14710,47514,1168,90532,1347,124142
/home/cgumbi/methylation/sea_lion/bismark_output/locus002/alignment/37247-HCN1_S88_L001_R1_trimmed_bismark_bt2_pe.bam,5775,5475,300,0,0,,,153244,716,21183,378,48824,624,81519
/home/cgumbi/methylation/sea_lion/bismark_output/locus002/alignment/37247-HOXB9_S280_L001_R1_trimmed_bismark_bt2_pe.bam,9892,9473,419,0,0,,,319131,17646,73799,311,47467,1083,178825
/home/cgumbi/methylation/sea_lion/bismark_output/locus002/alignment/37247-HSPA2_S472_L001_R1_trimmed_bismark_bt2_pe.bam,11433,9325,2108,0,0,,,337008,31899,53657,286,27766,2075,221325
/home/cgumbi/methylation/sea_lion/bismark_output/locus002/alignment/37247-IGF2BP3_S952_L001_R1_trimmed_bismark_bt2_pe.bam,2944,1685,1259,0,0,,,56465,2154,10693,47,5053,127,38391
/home/cgumbi/methylation/sea_lion/bismark_output/locus002/alignment/37247-LOC1139_S184_L001_R1_trimmed_bismark_bt2_pe.bam,6747,6201,546,0,0,,,204230,4057,57814,341,55269,670,86079
/home/cgumbi/methylation/sea_lion/bismark_output/locus002/alignment/37247-MDGA_S760_L001_R1_trimmed_bismark_bt2_pe.bam,7685,7442,243,0,0,,,319955,5712,75993,134,51930,1462,184724
/home/cgumbi/methylation/sea_lion/bismark_output/locus002/alignment/37247-OTP_S568_L001_R1_trimmed_bismark_bt2_pe.bam,12585,11163,1422,0,0,,,296226,4358,45772,388,55739,1488,188481
/home/cgumbi/methylation/sea_lion/bismark_output/locus002/alignment/37247-PBX3_S376_L001_R1_trimmed_bismark_bt2_pe.bam,4417,4296,121,0,0,,,90175,7208,1415,386,33890,321,46955
/home/cgumbi/methylation/sea_lion/bismark_output/locus002/alignment/37247-POU4F1_S1048_L001_R1_trimmed_bismark_bt2_pe.bam,12083,11731,352,0,0,,,152454,320,23141,468,46450,373,81702
/home/cgumbi/methylation/sea_lion/bismark_output/locus002/alignment/37247-SLC_S664_L001_R1_trimmed_bismark_bt2_pe.bam,8520,8270,250,0,0,,,421799,12914,86813,751,106584,1870,212867
/home/cgumbi/methylation/sea_lion/bismark_output/locus002/alignment/37248-FOXD3_S857_L001_R1_trimmed_bismark_bt2_pe.bam,11131,7607,3524,0,0,,,240267,11423,40156,985,79387,1006,107310
/home/cgumbi/methylation/sea_lion/bismark_output/locus002/alignment/37248-HCN1_S89_L001_R1_trimmed_bismark_bt2_pe.bam,6077,5773,304,0,0,,,161567,567,22524,269,51626,624,85957
/home/cgumbi/methylation/sea_lion/bismark_output/locus002/alignment/37248-HOXB9_S281_L001_R1_trimmed_bismark_bt2_pe.bam,9676,9126,550,0,0,,,307784,20733,67660,165,45836,676,172714
/home/cgumbi/methylation/sea_lion/bismark_output/locus002/alignment/37248-HSPA2_S473_L001_R1_trimmed_bismark_bt2_pe.bam,17323,16171,1152,0,0,,,584596,50195,98331,148,48375,2177,385370
/home/cgumbi/methylation/sea_lion/bismark_output/locus002/alignment/37248-IGF2BP3_S953_L001_R1_trimmed_bismark_bt2_pe.bam,3351,1767,1584,0,0,,,59258,2274,11209,17,5305,76,40377
/home/cgumbi/methylation/sea_lion/bismark_output/locus002/alignment/37248-LOC1139_S185_L001_R1_trimmed_bismark_bt2_pe.bam,9820,9004,816,0,0,,,296569,6390,83485,231,80552,721,125190
/home/cgumbi/methylation/sea_lion/bismark_output/locus002/alignment/37248-MDGA_S761_L001_R1_trimmed_bismark_bt2_pe.bam,7912,7596,316,0,0,,,326617,5532,77898,178,52933,1269,188807
/home/cgumbi/methylation/sea_lion/bismark_output/locus002/alignment/37248-OTP_S569_L001_R1_trimmed_bismark_bt2_pe.bam,1064,834,230,0,0,,,23214,393,3693,13,4538,90,14487
/home/cgumbi/methylation/sea_lion/bismark_output/locus002/alignment/37248-PBX3_S377_L001_R1_trimmed_bismark_bt2_pe.bam,2385,2277,108,0,0,,,47800,4165,419,169,17997,135,24915
/home/cgumbi/methylation/sea_lion/bismark_output/locus002/alignment/37248-POU4F1_S1049_L001_R1_trimmed_bismark_bt2_pe.bam,766,593,173,0,0,,,7952,17,1248,16,2383,17,4271
/home/cgumbi/methylation/sea_lion/bismark_output/locus002/alignment/37248-SLC_S665_L001_R1_trimmed_bismark_bt2_pe.bam,9976,9582,394,0,0,,,488995,17100,98727,657,123660,1600,247251
/home/cgumbi/methylation/sea_lion/bismark_output/locus002/alignment/37249-FOXD3_S858_L001_R1_trimmed_bismark_bt2_pe.bam,17565,11498,6067,0,0,,,364132,17549,64654,1436,120221,1337,158935
/home/cgumbi/methylation/sea_lion/bismark_output/locus002/alignment/37249-HCN1_S90_L001_R1_trimmed_bismark_bt2_pe.bam,10643,9994,649,0,0,,,279709,1341,38593,624,89237,1114,148800
/home/cgumbi/methylation/sea_lion/bismark_output/locus002/alignment/37249-HOXB9_S282_L001_R1_trimmed_bismark_bt2_pe.bam,18187,17431,756,0,0,,,588681,48788,121014,241,87474,1655,329509
/home/cgumbi/methylation/sea_lion/bismark_output/locus002/alignment/37249-HSPA2_S474_L001_R1_trimmed_bismark_bt2_pe.bam,20614,18439,2175,0,0,,,667803,72908,97753,264,55058,2523,439297
/home/cgumbi/methylation/sea_lion/bismark_output/locus002/alignment/37249-IGF2BP3_S954_L001_R1_trimmed_bismark_bt2_pe.bam,5666,3200,2466,0,0,,,107222,4130,20212,52,9595,213,73020
/home/cgumbi/methylation/sea_lion/bismark_output/locus002/alignment/37249-LOC1139_S186_L001_R1_trimmed_bismark_bt2_pe.bam,12346,11354,992,0,0,,,373409,7829,105306,641,100965,791,157877
/home/cgumbi/methylation/sea_lion/bismark_output/locus002/alignment/37249-MDGA_S762_L001_R1_trimmed_bismark_bt2_pe.bam,14238,13796,442,0,0,,,593154,12391,139121,293,96173,1867,343309
/home/cgumbi/methylation/sea_lion/bismark_output/locus002/alignment/37249-OTP_S570_L001_R1_trimmed_bismark_bt2_pe.bam,26201,23083,3118,0,0,,,611987,11207,92189,588,115343,2372,390288
/home/cgumbi/methylation/sea_lion/bismark_output/locus002/alignment/37249-PBX3_S378_L001_R1_trimmed_bismark_bt2_pe.bam,9469,9249,220,0,0,,,193960,16245,2274,864,72904,806,100867
/home/cgumbi/methylation/sea_lion/bismark_output/locus002/alignment/37249-POU4F1_S1050_L001_R1_trimmed_bismark_bt2_pe.bam,23928,23247,681,0,0,,,302162,388,46142,721,92300,108,162503
/home/cgumbi/methylation/sea_lion/bismark_output/locus002/alignment/37249-SLC_S666_L001_R1_trimmed_bismark_bt2_pe.bam,12662,12191,471,0,0,,,622000,24862,122576,776,157350,2095,314341
/home/cgumbi/methylation/sea_lion/bismark_output/locus002/alignment/37250-FOXD3_S859_L001_R1_trimmed_bismark_bt2_pe.bam,12365,8028,4337,0,0,,,253727,12168,45585,790,83785,950,110449
/home/cgumbi/methylation/sea_lion/bismark_output/locus002/alignment/37250-HCN1_S91_L001_R1_trimmed_bismark_bt2_pe.bam,5553,5235,318,0,0,,,146535,492,20457,302,46762,574,77948
/home/cgumbi/methylation/sea_lion/bismark_output/locus002/alignment/37250-HOXB9_S283_L001_R1_trimmed_bismark_bt2_pe.bam,9684,9198,486,0,0,,,309895,18300,70597,188,46167,959,173684
/home/cgumbi/methylation/sea_lion/bismark_output/locus002/alignment/37250-HSPA2_S475_L001_R1_trimmed_bismark_bt2_pe.bam,14807,12628,2179,0,0,,,456111,41048,74656,489,37452,2361,300105
/home/cgumbi/methylation/sea_lion/bismark_output/locus002/alignment/37250-IGF2BP3_S955_L001_R1_trimmed_bismark_bt2_pe.bam,2772,1527,1245,0,0,,,51185,2012,9684,16,4603,148,34722
/home/cgumbi/methylation/sea_lion/bismark_output/locus002/alignment/37250-LOC1139_S187_L001_R1_trimmed_bismark_bt2_pe.bam,9282,8524,758,0,0,,,280713,5522,79533,531,75925,755,118447
/home/cgumbi/methylation/sea_lion/bismark_output/locus002/alignment/37250-MDGA_S763_L001_R1_trimmed_bismark_bt2_pe.bam,7391,7148,243,0,0,,,307287,5047,73425,180,49814,1439,177382
/home/cgumbi/methylation/sea_lion/bismark_output/locus002/alignment/37250-OTP_S571_L001_R1_trimmed_bismark_bt2_pe.bam,15020,13150,1870,0,0,,,348322,5237,53616,390,65559,1272,222248
/home/cgumbi/methylation/sea_lion/bismark_output/locus002/alignment/37250-PBX3_S379_L001_R1_trimmed_bismark_bt2_pe.bam,5164,5044,120,0,0,,,105839,8819,1298,445,39792,397,55088
/home/cgumbi/methylation/sea_lion/bismark_output/locus002/alignment/37250-POU4F1_S1051_L001_R1_trimmed_bismark_bt2_pe.bam,16033,15506,527,0,0,,,201538,548,30485,366,61672,354,108113
/home/cgumbi/methylation/sea_lion/bismark_output/locus002/alignment/37250-SLC_S667_L001_R1_trimmed_bismark_bt2_pe.bam,7078,6841,237,0,0,,,348656,10574,71841,479,88223,1285,176254
/home/cgumbi/methylation/sea_lion/bismark_output/locus002/alignment/37251-FOXD3_S860_L001_R1_trimmed_bismark_bt2_pe.bam,11526,7343,4183,0,0,,,232829,11994,40783,761,76195,674,102422
/home/cgumbi/methylation/sea_lion/bismark_output/locus002/alignment/37251-HCN1_S92_L001_R1_trimmed_bismark_bt2_pe.bam,5131,4823,308,0,0,,,134981,589,18690,342,43025,495,71840
/home/cgumbi/methylation/sea_lion/bismark_output/locus002/alignment/37251-HOXB9_S284_L001_R1_trimmed_bismark_bt2_pe.bam,8985,8547,438,0,0,,,287818,14882,67561,212,42823,613,161727
/home/cgumbi/methylation/sea_lion/bismark_output/locus002/alignment/37251-HSPA2_S476_L001_R1_trimmed_bismark_bt2_pe.bam,12917,11418,1499,0,0,,,412032,34574,69616,302,34001,1731,271808
/home/cgumbi/methylation/sea_lion/bismark_output/locus002/alignment/37251-IGF2BP3_S956_L001_R1_trimmed_bismark_bt2_pe.bam,3042,1673,1369,0,0,,,55967,2024,10634,8,5032,69,38200
/home/cgumbi/methylation/sea_lion/bismark_output/locus002/alignment/37251-LOC1139_S188_L001_R1_trimmed_bismark_bt2_pe.bam,7160,6548,612,0,0,,,215512,4885,60421,369,58320,477,91040
/home/cgumbi/methylation/sea_lion/bismark_output/locus002/alignment/37251-MDGA_S764_L001_R1_trimmed_bismark_bt2_pe.bam,6938,6688,250,0,0,,,287476,5136,68269,108,46671,849,166443
/home/cgumbi/methylation/sea_lion/bismark_output/locus002/alignment/37251-OTP_S572_L001_R1_trimmed_bismark_bt2_pe.bam,12645,11080,1565,0,0,,,294001,5181,44492,152,55573,1268,187335
/home/cgumbi/methylation/sea_lion/bismark_output/locus002/alignment/37251-PBX3_S380_L001_R1_trimmed_bismark_bt2_pe.bam,5785,5604,181,0,0,,,117552,10123,1099,368,44335,490,61137
/home/cgumbi/methylation/sea_lion/bismark_output/locus002/alignment/37251-POU4F1_S1052_L001_R1_trimmed_bismark_bt2_pe.bam,11510,11123,387,0,0,,,144649,326,21972,261,44237,96,77757
/home/cgumbi/methylation/sea_lion/bismark_output/locus002/alignment/37251-SLC_S668_L001_R1_trimmed_bismark_bt2_pe.bam,8709,8414,295,0,0,,,429337,16667,85075,526,108633,1330,217106
/home/cgumbi/methylation/sea_lion/bismark_output/locus002/alignment/37252-FOXD3_S861_L001_R1_trimmed_bismark_bt2_pe.bam,10582,6963,3619,0,0,,,219735,10779,39089,706,72573,872,95716
/home/cgumbi/methylation/sea_lion/bismark_output/locus002/alignment/37252-HCN1_S93_L001_R1_trimmed_bismark_bt2_pe.bam,4635,4364,271,0,0,,,122148,598,16860,236,38989,375,65090
/home/cgumbi/methylation/sea_lion/bismark_output/locus002/alignment/37252-HOXB9_S285_L001_R1_trimmed_bismark_bt2_pe.bam,7821,7488,333,0,0,,,252586,16562,56118,103,37676,1009,141118
/home/cgumbi/methylation/sea_lion/bismark_output/locus002/alignment/37252-HSPA2_S477_L001_R1_trimmed_bismark_bt2_pe.bam,10153,9005,1148,0,0,,,325486,29666,53069,178,26851,1719,214003
/home/cgumbi/methylation/sea_lion/bismark_output/locus002/alignment/37252-IGF2BP3_S957_L001_R1_trimmed_bismark_bt2_pe.bam,2451,1388,1063,0,0,,,46491,1769,8804,25,4180,83,31630
/home/cgumbi/methylation/sea_lion/bismark_output/locus002/alignment/37252-LOC1139_S189_L001_R1_trimmed_bismark_bt2_pe.bam,7271,6639,632,0,0,,,218687,5515,60766,347,59216,490,92353
/home/cgumbi/methylation/sea_lion/bismark_output/locus002/alignment/37252-MDGA_S765_L001_R1_trimmed_bismark_bt2_pe.bam,6165,5979,186,0,0,,,257026,5685,59968,193,41622,933,148625
/home/cgumbi/methylation/sea_lion/bismark_output/locus002/alignment/37252-OTP_S573_L001_R1_trimmed_bismark_bt2_pe.bam,155,132,23,0,0,,,4476,120,801,1,984,20,2550
/home/cgumbi/methylation/sea_lion/bismark_output/locus002/alignment/37252-PBX3_S381_L001_R1_trimmed_bismark_bt2_pe.bam,4167,4045,122,0,0,,,84835,7045,1064,237,32022,336,44131
/home/cgumbi/methylation/sea_lion/bismark_output/locus002/alignment/37252-POU4F1_S1053_L001_R1_trimmed_bismark_bt2_pe.bam,10209,9884,325,0,0,,,128514,155,19649,357,39196,181,68976
/home/cgumbi/methylation/sea_lion/bismark_output/locus002/alignment/37252-SLC_S669_L001_R1_trimmed_bismark_bt2_pe.bam,8172,7923,249,0,0,,,404436,16599,79363,452,102327,1447,204248
/home/cgumbi/methylation/sea_lion/bismark_output/locus002/alignment/37253-FOXD3_S862_L001_R1_trimmed_bismark_bt2_pe.bam,5483,3693,1790,0,0,,,117127,6311,19020,316,38343,441,52696
/home/cgumbi/methylation/sea_lion/bismark_output/locus002/alignment/37253-HCN1_S94_L001_R1_trimmed_bismark_bt2_pe.bam,3519,3333,186,0,0,,,93310,322,13008,235,29733,372,49640
/home/cgumbi/methylation/sea_lion/bismark_output/locus002/alignment/37253-HOXB9_S286_L001_R1_trimmed_bismark_bt2_pe.bam,3529,3364,165,0,0,,,113417,8370,24216,95,16919,185,63632
/home/cgumbi/methylation/sea_lion/bismark_output/locus002/alignment/37253-HSPA2_S478_L001_R1_trimmed_bismark_bt2_pe.bam,6380,5591,789,0,0,,,202250,21831,29673,110,16707,947,132982
/home/cgumbi/methylation/sea_lion/bismark_output/locus002/alignment/37253-IGF2BP3_S958_L001_R1_trimmed_bismark_bt2_pe.bam,1584,895,689,0,0,,,30048,1226,5641,10,2700,69,20402
/home/cgumbi/methylation/sea_lion/bismark_output/locus002/alignment/37253-LOC1139_S190_L001_R1_trimmed_bismark_bt2_pe.bam,4240,3895,345,0,0,,,128192,3029,35809,208,34696,304,54146
/home/cgumbi/methylation/sea_lion/bismark_output/locus002/alignment/37253-MDGA_S766_L001_R1_trimmed_bismark_bt2_pe.bam,3964,3863,101,0,0,,,166056,3432,38969,76,26943,508,96128
/home/cgumbi/methylation/sea_lion/bismark_output/locus002/alignment/37253-OTP_S574_L001_R1_trimmed_bismark_bt2_pe.bam,7271,6414,857,0,0,,,170146,3358,25385,155,32089,526,108633
/home/cgumbi/methylation/sea_lion/bismark_output/locus002/alignment/37253-PBX3_S382_L001_R1_trimmed_bismark_bt2_pe.bam,2871,2800,71,0,0,,,58860,5023,627,245,22106,195,30664
/home/cgumbi/methylation/sea_lion/bismark_output/locus002/alignment/37253-POU4F1_S1054_L001_R1_trimmed_bismark_bt2_pe.bam,5868,5692,176,0,0,,,73954,128,11264,178,22596,116,39672
/home/cgumbi/methylation/sea_lion/bismark_output/locus002/alignment/37253-SLC_S670_L001_R1_trimmed_bismark_bt2_pe.bam,5158,5036,122,0,0,,,257037,10612,50378,307,65000,928,129812
/home/cgumbi/methylation/sea_lion/bismark_output/locus002/alignment/37254-FOXD3_S863_L001_R1_trimmed_bismark_bt2_pe.bam,7256,4671,2585,0,0,,,147594,6817,26711,550,48610,540,64366
/home/cgumbi/methylation/sea_lion/bismark_output/locus002/alignment/37254-HCN1_S95_L001_R1_trimmed_bismark_bt2_pe.bam,4958,4618,340,0,0,,,129228,444,18029,203,41302,441,68809
/home/cgumbi/methylation/sea_lion/bismark_output/locus002/alignment/37254-HOXB9_S287_L001_R1_trimmed_bismark_bt2_pe.bam,7313,6935,378,0,0,,,233780,12462,54676,195,34793,844,130810
/home/cgumbi/methylation/sea_lion/bismark_output/locus002/alignment/37254-HSPA2_S479_L001_R1_trimmed_bismark_bt2_pe.bam,9134,7676,1458,0,0,,,277050,20796,49357,180,22926,1231,182560
/home/cgumbi/methylation/sea_lion/bismark_output/locus002/alignment/37254-IGF2BP3_S959_L001_R1_trimmed_bismark_bt2_pe.bam,2096,1119,977,0,0,,,37481,1385,7119,18,3365,79,25515
/home/cgumbi/methylation/sea_lion/bismark_output/locus002/alignment/37254-LOC1139_S191_L001_R1_trimmed_bismark_bt2_pe.bam,7450,6756,694,0,0,,,222172,4596,62715,363,60114,532,93852
/home/cgumbi/methylation/sea_lion/bismark_output/locus002/alignment/37254-MDGA_S767_L001_R1_trimmed_bismark_bt2_pe.bam,5932,5715,217,0,0,,,245560,4491,58218,205,39772,986,141888
/home/cgumbi/methylation/sea_lion/bismark_output/locus002/alignment/37254-OTP_S575_L001_R1_trimmed_bismark_bt2_pe.bam,8971,7767,1204,0,0,,,206244,3100,31774,164,38943,836,131427
/home/cgumbi/methylation/sea_lion/bismark_output/locus002/alignment/37254-PBX3_S383_L001_R1_trimmed_bismark_bt2_pe.bam,3569,3453,116,0,0,,,72432,6242,683,153,27375,222,37757
/home/cgumbi/methylation/sea_lion/bismark_output/locus002/alignment/37254-POU4F1_S1055_L001_R1_trimmed_bismark_bt2_pe.bam,7983,7682,301,0,0,,,99815,288,15080,125,30583,83,53656
/home/cgumbi/methylation/sea_lion/bismark_output/locus002/alignment/37254-SLC_S671_L001_R1_trimmed_bismark_bt2_pe.bam,6737,6469,268,0,0,,,329854,11659,66383,417,83460,1232,166703
/home/cgumbi/methylation/sea_lion/bismark_output/locus002/alignment/NTC-SSL-FOXD3_S864_L001_R1_trimmed_bismark_bt2_pe.bam,3930,179,3751,0,0,,,5670,336,901,20,1818,28,2567
/home/cgumbi/methylation/sea_lion/bismark_output/locus002/alignment/NTC-SSL-HCN1_S96_L001_R1_trimmed_bismark_bt2_pe.bam,301,167,134,0,0,,,4666,29,637,6,1492,9,2493
/home/cgumbi/methylation/sea_lion/bismark_output/locus002/alignment/NTC-SSL-HOXB9_S288_L001_R1_trimmed_bismark_bt2_pe.bam,522,236,286,0,0,,,7977,509,1795,14,1171,27,4461
/home/cgumbi/methylation/sea_lion/bismark_output/locus002/alignment/NTC-SSL-HSPA2_S480_L001_R1_trimmed_bismark_bt2_pe.bam,1300,185,1115,0,0,,,6689,570,1129,6,549,40,4395
/home/cgumbi/methylation/sea_lion/bismark_output/locus002/alignment/NTC-SSL-IGF2BP3_S960_L001_R1_trimmed_bismark_bt2_pe.bam,132,45,87,0,0,,,1523,60,294,2,135,2,1030
/home/cgumbi/methylation/sea_lion/bismark_output/locus002/alignment/NTC-SSL-LOC1139_S192_L001_R1_trimmed_bismark_bt2_pe.bam,212,152,60,0,0,,,5007,109,1405,9,1352,12,2120
/home/cgumbi/methylation/sea_lion/bismark_output/locus002/alignment/NTC-SSL-MDGA_S768_L001_R1_trimmed_bismark_bt2_pe.bam,235,158,77,0,0,,,6797,122,1615,0,1106,31,3923
/home/cgumbi/methylation/sea_lion/bismark_output/locus002/alignment/NTC-SSL-OTP_S576_L001_R1_trimmed_bismark_bt2_pe.bam,830,389,441,0,0,,,10305,211,1531,8,1943,58,6554
/home/cgumbi/methylation/sea_lion/bismark_output/locus002/alignment/NTC-SSL-PBX3_S384_L001_R1_trimmed_bismark_bt2_pe.bam,670,145,525,0,0,,,3043,263,27,14,1144,4,1591
/home/cgumbi/methylation/sea_lion/bismark_output/locus002/alignment/NTC-SSL-POU4F1_S1056_L001_R1_trimmed_bismark_bt2_pe.bam,564,410,154,0,0,,,5337,2,818,18,1626,7,2866
/home/cgumbi/methylation/sea_lion/bismark_output/locus002/alignment/NTC-SSL-SLC_S672_L001_R1_trimmed_bismark_bt2_pe.bam,676,199,477,0,0,,,10138,427,1980,11,2562,44,5114
/home/cgumbi/methylation/sea_lion/bismark_output/locus002/alignment/Undetermined_S0_L001_R1_trimmed_bismark_bt2_pe.bam,995276,321642,673524,110,0,,,9758571,392097,1794689,17260,2153263,40086,5361176
